{
  "initial_embedding": [
    0.9285028132879576,
    0.8534779951414878,
    0.24210165166888242,
    0.12178772151337969
  ],
  "found_embedding": [
    0.8337970335071115,
    -0.8337921306698063,
    -2.554824356078059e-05,
    -0.8886484873399604
  ],
  "true_embedding": [
    -0.5,
    0.5,
    0.0,
    1.0
  ],
  "loss": 1.7004141490731248,
  "maxiter": 1000,
  "opt_state": {
    "iter_num": 418
  }
}