{
  "initial_embedding": [
    0.7275578739486167,
    0.4830215661619305,
    0.6887785692325079,
    0.796221222060257
  ],
  "found_embedding": [
    -1.411903835023536,
    -3.4051504015881506,
    -0.23010749890611804,
    0.5114338345994162
  ],
  "true_embedding": [
    -0.5,
    0.5,
    0.0,
    1.0
  ],
  "loss": 138.3565521555715,
  "maxiter": 1000,
  "opt_state": {
    "iter_num": 1000
  }
}