{
  "initial_embedding": [
    0.7485105170459262,
    0.77923846998315,
    0.9181060426960392,
    0.29986308867932376
  ],
  "found_embedding": [
    NaN,
    NaN,
    NaN,
    NaN
  ],
  "true_embedding": [
    -0.5,
    0.5,
    0.0,
    1.0
  ],
  "loss": NaN,
  "maxiter": 1000,
  "opt_state": {
    "iter_num": 298
  }
}