{
  "initial_embedding": [
    0.06367401208067791,
    0.5183542842443439,
    0.06757500490297719,
    0.38425419036321584
  ],
  "found_embedding": [
    -0.665488669605132,
    0.6654831105843461,
    4.003284480531736e-05,
    0.6545829170275068
  ],
  "true_embedding": [
    -0.5,
    0.5,
    0.0,
    1.0
  ],
  "loss": 1.2481615137325048,
  "maxiter": 1000,
  "opt_state": {
    "iter_num": 121
  }
}