{
  "initial_embedding": [
    0.6321790686417574,
    0.5694494199554989,
    0.7303336086935662,
    0.49767467302838864
  ],
  "found_embedding": [
    0.7206237234241389,
    -0.7206279934900163,
    2.7587113723932007e-05,
    0.9304399104753557
  ],
  "true_embedding": [
    -0.5,
    0.5,
    0.0,
    1.0
  ],
  "loss": 2.5818512631589776,
  "maxiter": 1000,
  "opt_state": {
    "iter_num": 348
  }
}