{
  "initial_embedding": [
    0.244411238530992,
    0.5025654608414284,
    0.7437502364464951,
    0.1415472012562664
  ],
  "found_embedding": [
    -0.5492140117646984,
    0.5492121005369516,
    1.3593191213046507e-05,
    0.8382242909707385
  ],
  "true_embedding": [
    -0.5,
    0.5,
    0.0,
    1.0
  ],
  "loss": 1.2020352747504681,
  "maxiter": 1000,
  "opt_state": {
    "iter_num": 192
  }
}