{
  "initial_embedding": [
    0.4112022206317436,
    0.8941768542386516,
    0.6331414345003977,
    0.5816464652563377
  ],
  "found_embedding": [
    -0.1471034516256687,
    0.9830817136575334,
    -0.026685382413453557,
    0.9944471212300836
  ],
  "true_embedding": [
    -0.5,
    0.5,
    0.0,
    1.0
  ],
  "loss": 3.583403152742049,
  "maxiter": 1000,
  "opt_state": {
    "iter_num": 81
  }
}