{
  "initial_embedding": [
    0.9935745675299916,
    0.40947030877726454,
    0.5288732251748046,
    0.26100936870440505
  ],
  "found_embedding": [
    NaN,
    NaN,
    NaN,
    NaN
  ],
  "true_embedding": [
    -0.5,
    0.5,
    0.0,
    1.0
  ],
  "loss": NaN,
  "maxiter": 1000,
  "opt_state": {
    "iter_num": 643
  }
}