{
  "initial_embedding": [
    0.24750108002979787,
    0.1697379503858839,
    0.326949602391032,
    0.2558592902920742
  ],
  "found_embedding": [
    3.563356552673673,
    -3.5633271695774864,
    -0.8615131153229272,
    -0.14031780160283733
  ],
  "true_embedding": [
    -0.5,
    0.5,
    0.0,
    1.0
  ],
  "loss": 5.197593183314285,
  "maxiter": 1000,
  "opt_state": {
    "iter_num": 486
  }
}