{
  "initial_embedding": [
    0.28780320116710856,
    0.17031312161525702,
    0.1158961134202744,
    0.9574727310673682
  ],
  "found_embedding": [
    -0.5098275935607246,
    0.5098732724658512,
    -0.00029123277026583293,
    -2.0845599312398946
  ],
  "true_embedding": [
    -0.5,
    0.5,
    0.0,
    1.0
  ],
  "loss": 3.2181990302471375,
  "maxiter": 1000,
  "opt_state": {
    "iter_num": 1000
  }
}