{
  "initial_embedding": [
    0.7639878132269573,
    0.7887455549231821,
    0.6378796057086104,
    0.8392098629148571
  ],
  "found_embedding": [
    -0.14724002441654277,
    0.9825770868716698,
    -0.028409192263628143,
    0.9947042815304028
  ],
  "true_embedding": [
    -0.5,
    0.5,
    0.0,
    1.0
  ],
  "loss": 3.583403032245929,
  "maxiter": 1000,
  "opt_state": {
    "iter_num": 122
  }
}