{
  "initial_embedding": [
    0.4849268233908143,
    0.6047556579688134,
    0.6133419544532949,
    0.27160448757784084
  ],
  "found_embedding": [
    -0.5321858259812214,
    0.532189210019529,
    -2.5773864765441583e-05,
    0.8300153838528049
  ],
  "true_embedding": [
    -0.5,
    0.5,
    0.0,
    1.0
  ],
  "loss": 1.2112722905977258,
  "maxiter": 1000,
  "opt_state": {
    "iter_num": 191
  }
}