{
  "initial_embedding": [
    0.26189319427646374,
    0.8659966628975825,
    0.7656061340613857,
    0.6582199258764951
  ],
  "found_embedding": [
    -0.14725099689489965,
    0.9828476180558442,
    -0.028533966990394094,
    0.9944532629409945
  ],
  "true_embedding": [
    -0.5,
    0.5,
    0.0,
    1.0
  ],
  "loss": 3.583402914874953,
  "maxiter": 1000,
  "opt_state": {
    "iter_num": 89
  }
}