{"initial_embedding": [0.9082502039767156, 0.9254181762148943, 0.949637588565346, 0.95095097734716], "found_embedding": [-0.5979347007129321, 0.5979350583968082, -0.03313496852521092, 0.8361781073013088], "true_embedding": [-0.5, 0.5, 0.0, 1.0], "loss": 1.189709831055904, "maxiter": 1000}