{"initial_embedding": [0.13106976596876974, 0.37924708283724073, 0.4055906655741336, 0.001122062669632884], "found_embedding": [0.7421785957216227, -0.36497862073766046, 7.541581761506699e-06, 0.8321302698265592], "true_embedding": [-0.5, 0.5, 0.0, 1.0], "loss": 2.139856022671662, "maxiter": 1000}