{"initial_embedding": [0.23778602971754392, 0.6179282805310653, 0.5089653383862462, 0.708257747466044], "found_embedding": [-0.5784580279604677, 0.5784582092082209, -0.000880486534408988, 0.8643534210996306], "true_embedding": [-0.5, 0.5, 0.0, 1.0], "loss": 1.1901095236478507, "maxiter": 1000}