{"initial_embedding": [0.3022946807087069, 0.9490963119001741, 0.15361184644939685, 0.7572702879444051], "found_embedding": [-0.47617170635121353, 0.47617129082818993, 0.010471294213264724, 1.0499744028770652], "true_embedding": [-0.5, 0.5, 0.0, 1.0], "loss": 1.2474553362933078, "maxiter": 1000}