{"initial_embedding": [0.8329839021997634, 0.895800620381706, 0.26361480090702816, 0.5985404776709179], "found_embedding": [-0.5796911505779232, 0.5796910720000582, -0.049418731838882735, 0.8625309136928392], "true_embedding": [-0.5, 0.5, 0.0, 1.0], "loss": 1.1910039276179072, "maxiter": 1000}