{"initial_embedding": [0.1147813646170549, 0.34290384325490886, 0.8047205480846124, 0.807324811555343], "found_embedding": [-0.5964163869256628, 0.5964154415955429, -0.04592469311625864, 0.8382896546190304], "true_embedding": [-0.5, 0.5, 0.0, 1.0], "loss": 1.1901106318187997, "maxiter": 1000}