{"initial_embedding": [0.28568131773031524, 0.8808437822861954, 0.8390598856945931, 0.2291829010021772], "found_embedding": [-0.5594292840925214, 0.5594292097825583, -0.2430171340845427, 0.8937522460412928], "true_embedding": [-0.5, 0.5, 0.0, 1.0], "loss": 1.2181142244793057, "maxiter": 1000}