{"initial_embedding": [0.6112607137530882, 0.26296891030561287, 0.18043758389990994, 0.4067783104697057], "found_embedding": [0.31076552757043635, -0.8001522366167353, 1.2704635747633612e-05, 0.8574801997507095], "true_embedding": [-0.5, 0.5, 0.0, 1.0], "loss": 2.219429125225842, "maxiter": 1000}