{"initial_embedding": [0.5803604952840037, 0.6646365031800187, 0.6558194161488163, 0.44379053180350936], "found_embedding": [-0.6031067787806533, 0.6031067447345533, 0.14188113774704944, 0.8290180849365478], "true_embedding": [-0.5, 0.5, 0.0, 1.0], "loss": 1.1978821278422875, "maxiter": 1000}