{"initial_embedding": [0.5455965006250136, 0.4635418473710802, 0.46701414956467635, 0.0635074905891918], "found_embedding": [0.6768314358458857, -0.6768307508877403, -2.1261883469911027e-05, -0.7387059558358201], "true_embedding": [-0.5, 0.5, 0.0, 1.0], "loss": 1.2091139859291082, "maxiter": 1000}