{
  "initial_embedding": [
    0.020450897040548588,
    0.12699225737511188,
    0.975921996841169,
    0.3127536352239799
  ],
  "found_embedding": [
    -0.5888005264785963,
    0.5887896201893299,
    -0.12165781156100518,
    0.8360908920171521
  ],
  "true_embedding": [
    -0.5,
    0.5,
    0.0,
    1.0
  ],
  "loss": 1.2289172724450508,
  "true_loss": 1.2584948713915889,
  "maxiter": 100,
  "opt_state": {
    "iter_num": 100
  },
  "keys": {
    "system": "shm",
    "family": "power_series_with_prefactor",
    "loss_fn": "q_rms_embedding_norm_huber"
  }
}