{
  "initial_embedding": [
    0.4023191727020915,
    0.4823334047041533,
    0.8358548745631097,
    0.49369930059172806
  ],
  "found_embedding": [
    -0.5615351592424815,
    0.5615202986785549,
    -0.1765254222877743,
    0.877062030599136
  ],
  "true_embedding": [
    -0.5,
    0.5,
    0.0,
    1.0
  ],
  "loss": 1.2389606243293345,
  "true_loss": 1.2584948713915889,
  "maxiter": 100,
  "opt_state": {
    "iter_num": 100
  },
  "keys": {
    "system": "shm",
    "family": "power_series_with_prefactor",
    "loss_fn": "q_rms_embedding_norm_huber"
  }
}