{
  "initial_embedding": [
    0.31409583196865354,
    0.31209831296215307,
    0.2478501717171253,
    0.9196989746913358
  ],
  "found_embedding": [
    -0.6935014009525753,
    0.6934438242414261,
    -0.01952443181751533,
    0.7182482864029176
  ],
  "true_embedding": [
    -0.5,
    0.5,
    0.0,
    1.0
  ],
  "loss": 1.250658204758343,
  "true_loss": 1.2584948713915889,
  "maxiter": 100,
  "opt_state": {
    "iter_num": 100
  },
  "keys": {
    "system": "shm",
    "family": "power_series_with_prefactor",
    "loss_fn": "q_rms_embedding_norm_huber"
  }
}