{
  "initial_embedding": [
    0.9066158206980426,
    0.5961538120860325,
    0.07330307514600132,
    0.022535179020235607
  ],
  "found_embedding": [
    0.28802709587150194,
    -0.29310990442448204,
    0.0005991741966907232,
    -0.9046521246708298
  ],
  "true_embedding": [
    -0.5,
    0.5,
    0.0,
    1.0
  ],
  "loss": 1.6451391322523012,
  "true_loss": 1.2584948713915889,
  "maxiter": 100,
  "opt_state": {
    "iter_num": 100
  },
  "keys": {
    "system": "shm",
    "family": "power_series_with_prefactor",
    "loss_fn": "q_rms_embedding_norm_huber"
  }
}