{
  "initial_embedding": [
    0.795811614636509,
    0.6752410721441707,
    0.0521265545895957,
    0.6347799360565829
  ],
  "found_embedding": [
    1.085937708533368e+140,
    -1.184868798632526e+143,
    2.3353996485480745e+126,
    6.120933577503969e+137
  ],
  "true_embedding": [
    -0.5,
    0.5,
    0.0,
    1.0
  ],
  "loss": 1.2145181646902126e+143,
  "true_loss": 1.2584948713915889,
  "maxiter": 100,
  "opt_state": {
    "iter_num": 100
  },
  "keys": {
    "system": "shm",
    "family": "power_series_with_prefactor",
    "loss_fn": "q_rms_embedding_norm_huber"
  }
}