{
  "initial_embedding": [
    0.6714057354319194,
    0.2586532255712657,
    0.23020920337710404,
    0.12296752181631054
  ],
  "found_embedding": [
    0.4273034705686216,
    -0.6685494240368577,
    -3.556534049646513e-05,
    0.5856201605821711
  ],
  "true_embedding": [
    -0.5,
    0.5,
    0.0,
    1.0
  ],
  "loss": 2.6089119311265607,
  "true_loss": 1.2584948713915889,
  "maxiter": 100,
  "opt_state": {
    "iter_num": 100
  },
  "keys": {
    "system": "shm",
    "family": "power_series_with_prefactor",
    "loss_fn": "q_rms_embedding_norm_huber"
  }
}