{
  "initial_embedding": [
    0.9023310922309503,
    0.45143394342494514,
    0.11958469052754117,
    0.05707728742874729
  ],
  "found_embedding": [
    0.41989503065983697,
    -0.4171032887070781,
    -0.0019862205936896677,
    -0.7018729345009554
  ],
  "true_embedding": [
    -0.5,
    0.5,
    0.0,
    1.0
  ],
  "loss": 1.4257607785589146,
  "true_loss": 1.2584948713915889,
  "maxiter": 100,
  "opt_state": {
    "iter_num": 100
  },
  "keys": {
    "system": "shm",
    "family": "power_series_with_prefactor",
    "loss_fn": "q_rms_embedding_norm_huber"
  }
}