{
  "initial_embedding": [
    0.7540090861334396,
    0.8665285650051517,
    0.3369724990665043,
    0.7441865425807827
  ],
  "found_embedding": [
    -0.6231916400450912,
    0.6230214679309551,
    0.0998512053349017,
    0.7768670833523041
  ],
  "true_embedding": [
    -0.5,
    0.5,
    0.0,
    1.0
  ],
  "loss": 1.232890650155899,
  "true_loss": 1.2584948713915889,
  "maxiter": 100,
  "opt_state": {
    "iter_num": 100
  },
  "keys": {
    "system": "shm",
    "family": "power_series_with_prefactor",
    "loss_fn": "q_rms_embedding_norm_huber"
  }
}