{
  "initial_embedding": [
    0.3869115387919986,
    0.5267207078358052,
    0.4579327110133796,
    0.3936807434816457
  ],
  "found_embedding": [
    -0.5725374656532958,
    0.5725239340990743,
    -0.055768356949104585,
    0.8680493469326857
  ],
  "true_embedding": [
    -0.5,
    0.5,
    0.0,
    1.0
  ],
  "loss": 1.2248019474817229,
  "true_loss": 1.2584948713915889,
  "maxiter": 100,
  "opt_state": {
    "iter_num": 100
  },
  "keys": {
    "system": "shm",
    "family": "power_series_with_prefactor",
    "loss_fn": "q_rms_embedding_norm_huber"
  }
}