{
  "initial_embedding": [
    0.003066379103381034,
    0.9500347461754975,
    0.09486863795382461,
    0.48090295694269414
  ],
  "found_embedding": [
    -0.5604428706076166,
    0.560421437804933,
    -0.008948055940436388,
    0.8871236755606524
  ],
  "true_embedding": [
    -0.5,
    0.5,
    0.0,
    1.0
  ],
  "loss": 1.2259907534495385,
  "true_loss": 1.2584948713915889,
  "maxiter": 100,
  "opt_state": {
    "iter_num": 100
  },
  "keys": {
    "system": "shm",
    "family": "power_series_with_prefactor",
    "loss_fn": "q_rms_embedding_norm_huber"
  }
}