{
  "initial_embedding": [
    0.600434687602125,
    0.817157222243507,
    0.04023123304608778,
    0.2884451780780094
  ],
  "found_embedding": [
    -0.5610617898337199,
    0.5610387710054464,
    -0.009259873300730422,
    0.8875305507466245
  ],
  "true_embedding": [
    -0.5,
    0.5,
    0.0,
    1.0
  ],
  "loss": 1.2258251556162885,
  "true_loss": 1.2584948713915889,
  "maxiter": 100,
  "opt_state": {
    "iter_num": 100
  },
  "keys": {
    "system": "shm",
    "family": "power_series_with_prefactor",
    "loss_fn": "q_rms_embedding_norm_huber"
  }
}