{
  "initial_embedding": [
    0.9481035955883854,
    0.3711850136056939,
    0.7896369681658616,
    0.5592275729079431
  ],
  "found_embedding": [
    -0.6265245468035545,
    0.7075428916331782,
    3.404548544775257e-05,
    0.6371222556156579
  ],
  "true_embedding": [
    -0.5,
    0.5,
    0.0,
    1.0
  ],
  "loss": 1.4765761047660237,
  "true_loss": 1.2584948713915889,
  "maxiter": 100,
  "opt_state": {
    "iter_num": 100
  },
  "keys": {
    "system": "shm",
    "family": "power_series_with_prefactor",
    "loss_fn": "q_rms_embedding_norm_huber"
  }
}