{
  "initial_embedding": [
    0.7966535276059821,
    0.05065137512958462,
    0.6274360487292894,
    0.4324119973674583
  ],
  "found_embedding": [
    -47544904724997.68,
    786812054381470.6,
    -0.47951489574241135,
    4570401529388.453
  ],
  "true_embedding": [
    -0.5,
    0.5,
    0.0,
    1.0
  ],
  "loss": 809119423720887.8,
  "true_loss": 1.2584948713915889,
  "maxiter": 100,
  "opt_state": {
    "iter_num": 2
  },
  "keys": {
    "system": "shm",
    "family": "power_series_with_prefactor",
    "loss_fn": "q_rms_embedding_norm_huber"
  }
}