{
  "initial_embedding": [
    0.6213478282129835,
    0.8339865637125948,
    0.6626566586177237,
    0.05974658538486122
  ],
  "found_embedding": [
    -3.530056638684437e+20,
    1.4845912100870008e+22,
    -8209020.3702824,
    1.6849840156797676e+19
  ],
  "true_embedding": [
    -0.5,
    0.5,
    0.0,
    1.0
  ],
  "loss": 1.5230090890538788e+22,
  "true_loss": 1.2584948713915889,
  "maxiter": 100,
  "opt_state": {
    "iter_num": 100
  },
  "keys": {
    "system": "shm",
    "family": "power_series_with_prefactor",
    "loss_fn": "q_rms_embedding_norm_huber"
  }
}