{
  "initial_embedding": [
    0.30095107051033987,
    0.3830975182985912,
    0.7997162410187191,
    0.37392434531694907
  ],
  "found_embedding": [
    -0.6060196769966402,
    0.6056961986332435,
    0.059871918966431945,
    0.8000282388003341
  ],
  "true_embedding": [
    -0.5,
    0.5,
    0.0,
    1.0
  ],
  "loss": 1.2269135979439862,
  "true_loss": 1.2584948713915889,
  "maxiter": 100,
  "opt_state": {
    "iter_num": 100
  },
  "keys": {
    "system": "shm",
    "family": "power_series_with_prefactor",
    "loss_fn": "q_rms_embedding_norm_huber"
  }
}