{
  "initial_embedding": [
    0.7502845066163821,
    0.9147078684466008,
    0.7111141319969736,
    0.5607531988840948
  ],
  "found_embedding": [
    -0.5955312696930339,
    0.59485852267518,
    0.06836148208978983,
    0.8030784165182302
  ],
  "true_embedding": [
    -0.5,
    0.5,
    0.0,
    1.0
  ],
  "loss": 1.2283502365957772,
  "true_loss": 1.2584948713915889,
  "maxiter": 100,
  "opt_state": {
    "iter_num": 100
  },
  "keys": {
    "system": "shm",
    "family": "power_series_with_prefactor",
    "loss_fn": "q_rms_embedding_norm_huber"
  }
}