{
  "initial_embedding": [
    0.9488861536247215,
    0.225934946655852,
    0.4062586128518717,
    0.44869624613420833
  ],
  "found_embedding": [
    -0.29658411352608116,
    0.2888780663533116,
    0.00013036791232287788,
    -0.9643737644295786
  ],
  "true_embedding": [
    -0.5,
    0.5,
    0.0,
    1.0
  ],
  "loss": 2.9823062422825215,
  "true_loss": 1.2584948713915889,
  "maxiter": 100,
  "opt_state": {
    "iter_num": 100
  },
  "keys": {
    "system": "shm",
    "family": "power_series_with_prefactor",
    "loss_fn": "q_rms_embedding_norm_huber"
  }
}