{
  "initial_embedding": [
    0.8946649267992196,
    0.3209327811532193,
    0.08951412188655217,
    0.12010473355105356
  ],
  "found_embedding": [
    0.10325940065587275,
    -0.6253140577287851,
    -0.00034425934566131226,
    1.0731689381116694
  ],
  "true_embedding": [
    -0.5,
    0.5,
    0.0,
    1.0
  ],
  "loss": 2.599283538016488,
  "true_loss": 1.2584948713915889,
  "maxiter": 100,
  "opt_state": {
    "iter_num": 100
  },
  "keys": {
    "system": "shm",
    "family": "power_series_with_prefactor",
    "loss_fn": "q_rms_embedding_norm_huber"
  }
}