{
  "initial_embedding": [
    0.7907353299333519,
    0.16004116379678535,
    0.15078095323343554,
    0.17251730054849146
  ],
  "found_embedding": [
    0.9596385539781569,
    -0.9330436896267847,
    -2.830363698043898e-05,
    0.13747669808845536
  ],
  "true_embedding": [
    -0.5,
    0.5,
    0.0,
    1.0
  ],
  "loss": 4.719000101073677,
  "true_loss": 1.2584948713915889,
  "maxiter": 100,
  "opt_state": {
    "iter_num": 100
  },
  "keys": {
    "system": "shm",
    "family": "power_series_with_prefactor",
    "loss_fn": "q_rms_embedding_norm_huber"
  }
}