{
  "initial_embedding": [
    0.3732806285550784,
    0.6937576414446595,
    0.5584579319616244,
    0.10095359100597878
  ],
  "found_embedding": [
    -0.5679214293241259,
    0.5678655844054702,
    -0.09518144559032157,
    0.8769295406244976
  ],
  "true_embedding": [
    -0.5,
    0.5,
    0.0,
    1.0
  ],
  "loss": 1.2280616730314302,
  "true_loss": 1.2584948713915889,
  "maxiter": 100,
  "opt_state": {
    "iter_num": 100
  },
  "keys": {
    "system": "shm",
    "family": "power_series_with_prefactor",
    "loss_fn": "q_rms_embedding_norm_huber"
  }
}