{
  "initial_embedding": [
    0.2718198895160342,
    0.22258409552239722,
    0.24376135750638372,
    0.03512754789827177
  ],
  "found_embedding": [
    16.057236235693637,
    107.64542214784382,
    -10.665651728499775,
    -183.17266304766395
  ],
  "true_embedding": [
    -0.5,
    0.5,
    0.0,
    1.0
  ],
  "loss": 221.28918867698357,
  "true_loss": 1.2584948713915889,
  "maxiter": 100,
  "opt_state": {
    "iter_num": 100
  },
  "keys": {
    "system": "shm",
    "family": "power_series_with_prefactor",
    "loss_fn": "q_rms_embedding_norm_huber"
  }
}