{
  "initial_embedding": [
    0.6047883264909382,
    0.9802171258216595,
    0.7997326788525191,
    0.632044023923514
  ],
  "found_embedding": [
    -0.5525470139946836,
    0.5525327480576989,
    -0.35055332115107857,
    0.8995051026524477
  ],
  "true_embedding": [
    -0.5,
    0.5,
    0.0,
    1.0
  ],
  "loss": 1.2787024217778542,
  "true_loss": 1.2584948713915889,
  "maxiter": 100,
  "opt_state": {
    "iter_num": 100
  },
  "keys": {
    "system": "shm",
    "family": "power_series_with_prefactor",
    "loss_fn": "q_rms_embedding_norm_huber"
  }
}