{
  "initial_embedding": [
    0.5429207624965713,
    0.6679861943816376,
    0.4490328435703945,
    0.19656899468471256
  ],
  "found_embedding": [
    1.0650148917140114e+18,
    -2.7400723197332054e+19,
    24766.65768677932,
    6.17812297887813e+16
  ],
  "true_embedding": [
    -0.5,
    0.5,
    0.0,
    1.0
  ],
  "loss": 2.813312600472024e+19,
  "true_loss": 1.2584948713915889,
  "maxiter": 100,
  "opt_state": {
    "iter_num": 100
  },
  "keys": {
    "system": "shm",
    "family": "power_series_with_prefactor",
    "loss_fn": "q_rms_embedding_norm_huber"
  }
}