{
  "initial_embedding": [
    0.8862749962553356,
    0.9996967461150311,
    0.335047706573529,
    0.9069999985852679
  ],
  "found_embedding": [
    -0.5988393507947669,
    0.5989378171555947,
    0.04236940209762388,
    0.8493124131020202
  ],
  "true_embedding": [
    -0.5,
    0.5,
    0.0,
    1.0
  ],
  "loss": 1.2443431555317663,
  "true_loss": 1.2584948713915889,
  "maxiter": 100,
  "opt_state": {
    "iter_num": 100
  },
  "keys": {
    "system": "shm",
    "family": "power_series_with_prefactor",
    "loss_fn": "q_rms_embedding_norm_huber"
  }
}