{
  "initial_embedding": [
    0.3156233652222772,
    0.9414771769065692,
    0.12433638506105982,
    0.052166715545699405
  ],
  "found_embedding": [
    -0.5783413660512833,
    0.5783388265436507,
    -0.020022428234290072,
    0.864793956591595
  ],
  "true_embedding": [
    -0.5,
    0.5,
    0.0,
    1.0
  ],
  "loss": 1.223000636599506,
  "true_loss": 1.2584948713915889,
  "maxiter": 100,
  "opt_state": {
    "iter_num": 100
  },
  "keys": {
    "system": "shm",
    "family": "power_series_with_prefactor",
    "loss_fn": "q_rms_embedding_norm_huber"
  }
}