{
  "initial_embedding": [
    0.7228331310301467,
    0.1881052286104543,
    0.20773719067885432,
    0.05325980052652968
  ],
  "found_embedding": [
    672031102.266822,
    -5535313681.46498,
    -0.0027618058796661806,
    50170113.5899663
  ],
  "true_embedding": [
    -0.5,
    0.5,
    0.0,
    1.0
  ],
  "loss": 5731368731.527909,
  "true_loss": 1.2584948713915889,
  "maxiter": 100,
  "opt_state": {
    "iter_num": 100
  },
  "keys": {
    "system": "shm",
    "family": "power_series_with_prefactor",
    "loss_fn": "q_rms_embedding_norm_huber"
  }
}