{
  "initial_embedding": [
    0.3266267506079814,
    0.4757659113031727,
    0.5918094915270684,
    0.5619324751754652
  ],
  "found_embedding": [
    -0.6056328921373644,
    0.6056598904052383,
    -0.03867080259721314,
    0.8295767631256434
  ],
  "true_embedding": [
    -0.5,
    0.5,
    0.0,
    1.0
  ],
  "loss": 1.2284843220434476,
  "true_loss": 1.2584948713915889,
  "maxiter": 100,
  "opt_state": {
    "iter_num": 100
  },
  "keys": {
    "system": "shm",
    "family": "power_series_with_prefactor",
    "loss_fn": "q_rms_embedding_norm_huber"
  }
}