{
  "initial_embedding": [
    0.4166745915993517,
    0.47798689980736975,
    0.4339515610011052,
    0.10473866609770532
  ],
  "found_embedding": [
    -8140084.29771644,
    45068500.56461773,
    -0.02918463447083391,
    501815.45978024637
  ],
  "true_embedding": [
    -0.5,
    0.5,
    0.0,
    1.0
  ],
  "loss": 47130679.65187913,
  "true_loss": 1.2584948713915889,
  "maxiter": 100,
  "opt_state": {
    "iter_num": 100
  },
  "keys": {
    "system": "shm",
    "family": "power_series_with_prefactor",
    "loss_fn": "q_rms_embedding_norm_huber"
  }
}