{
  "initial_embedding": [
    0.09027779317755236,
    0.8888033959600302,
    0.6103754940807701,
    0.7881625621987767
  ],
  "found_embedding": [
    -0.5681513067159589,
    0.5681252801831316,
    -0.057549511907860215,
    0.8733531083017523
  ],
  "true_embedding": [
    -0.5,
    0.5,
    0.0,
    1.0
  ],
  "loss": 1.2256953628400038,
  "true_loss": 1.2584948713915889,
  "maxiter": 100,
  "opt_state": {
    "iter_num": 100
  },
  "keys": {
    "system": "shm",
    "family": "power_series_with_prefactor",
    "loss_fn": "q_rms_embedding_norm_huber"
  }
}