{
  "initial_embedding": [
    0.9173867351150952,
    0.15983387879555788,
    0.9701814963346139,
    0.455415051482596
  ],
  "found_embedding": [
    -6885885806.45558,
    67103006330.07129,
    4.425082208496598,
    -960697297.6907665
  ],
  "true_embedding": [
    -0.5,
    0.5,
    0.0,
    1.0
  ],
  "loss": 69311947446.5502,
  "true_loss": 1.2584948713915889,
  "maxiter": 100,
  "opt_state": {
    "iter_num": 100
  },
  "keys": {
    "system": "shm",
    "family": "power_series_with_prefactor",
    "loss_fn": "q_rms_embedding_norm_huber"
  }
}