{
  "initial_embedding": [
    0.3408499083135196,
    0.0003223745362171959,
    0.643395698334008,
    0.5934697784531137
  ],
  "found_embedding": [
    -4.820603381344613e+139,
    5.128789856789385e+142,
    -1.0639695817679051e+126,
    1.733707640098162e+137
  ],
  "true_embedding": [
    -0.5,
    0.5,
    0.0,
    1.0
  ],
  "loss": 5.257132383790296e+142,
  "true_loss": 1.2584948713915889,
  "maxiter": 100,
  "opt_state": {
    "iter_num": 2
  },
  "keys": {
    "system": "shm",
    "family": "power_series_with_prefactor",
    "loss_fn": "q_rms_embedding_norm_huber"
  }
}