{
  "initial_embedding": [
    0.7133659402665853,
    0.8980615471138247,
    0.29416894830772133,
    0.4759936070333515
  ],
  "found_embedding": [
    -0.618660381500194,
    0.6186492462963384,
    0.05541482750184845,
    0.8132409776071045
  ],
  "true_embedding": [
    -0.5,
    0.5,
    0.0,
    1.0
  ],
  "loss": 1.2320957534275159,
  "true_loss": 1.2584948713915889,
  "maxiter": 100,
  "opt_state": {
    "iter_num": 100
  },
  "keys": {
    "system": "shm",
    "family": "power_series_with_prefactor",
    "loss_fn": "q_rms_embedding_norm_huber"
  }
}