{
  "initial_embedding": [
    0.19549091545428632,
    0.5385954319802492,
    0.4276490686608304,
    0.2770260817830088
  ],
  "found_embedding": [
    -0.584011559600806,
    0.583836592995406,
    -0.013687521062586383,
    0.8407016849819401
  ],
  "true_embedding": [
    -0.5,
    0.5,
    0.0,
    1.0
  ],
  "loss": 1.2231408598021614,
  "true_loss": 1.2584948713915889,
  "maxiter": 100,
  "opt_state": {
    "iter_num": 100
  },
  "keys": {
    "system": "shm",
    "family": "power_series_with_prefactor",
    "loss_fn": "q_rms_embedding_norm_huber"
  }
}