{
  "initial_embedding": [
    0.578941956117952,
    0.20479104736840692,
    0.44261736956262776,
    0.7560523979558648
  ],
  "found_embedding": [
    -92703.24307298312,
    380094.6260718672,
    -0.00025609315200437034,
    -350103.2067614522
  ],
  "true_embedding": [
    -0.5,
    0.5,
    0.0,
    1.0
  ],
  "loss": 543268.0793748607,
  "true_loss": 1.2584948713915889,
  "maxiter": 100,
  "opt_state": {
    "iter_num": 100
  },
  "keys": {
    "system": "shm",
    "family": "power_series_with_prefactor",
    "loss_fn": "q_rms_embedding_norm_huber"
  }
}