{
  "initial_embedding": [
    0.7036011882857172,
    0.5669318454239245,
    0.8181161947802231,
    0.4083392857404502
  ],
  "found_embedding": [
    -663.2043135565028,
    1639.122772933645,
    3.1985265181547002,
    96.06712325487408
  ],
  "true_embedding": [
    -0.5,
    0.5,
    0.0,
    1.0
  ],
  "loss": 1829.0626378156373,
  "true_loss": 1.2584948713915889,
  "maxiter": 100,
  "opt_state": {
    "iter_num": 100
  },
  "keys": {
    "system": "shm",
    "family": "power_series_with_prefactor",
    "loss_fn": "q_rms_embedding_norm_huber"
  }
}