{
  "initial_embedding": [
    0.3442576265381686,
    0.5180839325254701,
    0.5962171422844951,
    0.9217985515786586
  ],
  "found_embedding": [
    -0.5699589759553133,
    0.5699407015761795,
    -0.0534845024317177,
    0.8774013633941005
  ],
  "true_embedding": [
    -0.5,
    0.5,
    0.0,
    1.0
  ],
  "loss": 1.225195370910876,
  "true_loss": 1.2584948713915889,
  "maxiter": 100,
  "opt_state": {
    "iter_num": 100
  },
  "keys": {
    "system": "shm",
    "family": "power_series_with_prefactor",
    "loss_fn": "q_rms_embedding_norm_huber"
  }
}