{
  "initial_embedding": [
    0.15285573038267763,
    0.47429188795538524,
    0.03307960874806115,
    0.9879998293598746
  ],
  "found_embedding": [
    -0.5893330195638883,
    0.5893490854737251,
    -0.004833808155246256,
    0.8513142473642874
  ],
  "true_embedding": [
    -0.5,
    0.5,
    0.0,
    1.0
  ],
  "loss": 1.2260061035026133,
  "true_loss": 1.2584948713915889,
  "maxiter": 100,
  "opt_state": {
    "iter_num": 100
  },
  "keys": {
    "system": "shm",
    "family": "power_series_with_prefactor",
    "loss_fn": "q_rms_embedding_norm_huber"
  }
}