{
  "initial_embedding": [
    0.6452633132119308,
    0.5513071621623077,
    0.8888217836407192,
    0.3319044567839422
  ],
  "found_embedding": [
    -1.8565471660237056,
    6.854061776691734,
    0.9500524726002474,
    5.225100311087726
  ],
  "true_embedding": [
    -0.5,
    0.5,
    0.0,
    1.0
  ],
  "loss": 9.77458801920091,
  "true_loss": 1.2584948713915889,
  "maxiter": 100,
  "opt_state": {
    "iter_num": 100
  },
  "keys": {
    "system": "shm",
    "family": "power_series_with_prefactor",
    "loss_fn": "q_rms_embedding_norm_huber"
  }
}