{
  "initial_embedding": [
    0.38835877383903417,
    0.7452566787430362,
    0.9582988676512973,
    0.6676233723905819
  ],
  "found_embedding": [
    -0.5727827535163665,
    0.5727564681701525,
    -0.20108899353998982,
    0.8717752297184905
  ],
  "true_embedding": [
    -0.5,
    0.5,
    0.0,
    1.0
  ],
  "loss": 1.2401757975818268,
  "true_loss": 1.2584948713915889,
  "maxiter": 100,
  "opt_state": {
    "iter_num": 100
  },
  "keys": {
    "system": "shm",
    "family": "power_series_with_prefactor",
    "loss_fn": "q_rms_embedding_norm_huber"
  }
}