{
  "initial_embedding": [
    0.25082751137340364,
    0.07062845977008614,
    0.9063081890466699,
    0.9293889375894792
  ],
  "found_embedding": [
    2.162153945399214,
    -2.6787333825524073,
    -8.000912485081525e-06,
    -1.185681761790128
  ],
  "true_embedding": [
    -0.5,
    0.5,
    0.0,
    1.0
  ],
  "loss": 4.346710070981798,
  "true_loss": 1.2584948713915889,
  "maxiter": 100,
  "opt_state": {
    "iter_num": 100
  },
  "keys": {
    "system": "shm",
    "family": "power_series_with_prefactor",
    "loss_fn": "q_rms_embedding_norm_huber"
  }
}