{
  "initial_embedding": [
    0.1646096924070104,
    0.024039253038582342,
    0.40051911436425414,
    0.2392199185222954
  ],
  "found_embedding": [
    70362056429.93854,
    -633153819694.9698,
    0.06558381953366205,
    -55309912188.86758
  ],
  "true_embedding": [
    -0.5,
    0.5,
    0.0,
    1.0
  ],
  "loss": 657035912590.5563,
  "true_loss": 1.2584948713915889,
  "maxiter": 100,
  "opt_state": {
    "iter_num": 100
  },
  "keys": {
    "system": "shm",
    "family": "power_series_with_prefactor",
    "loss_fn": "q_rms_embedding_norm_huber"
  }
}