{
  "initial_embedding": [
    0.9116120570981645,
    0.9300460926312543,
    0.027886813047594772,
    0.5586456240006414
  ],
  "found_embedding": [
    -0.6115155611992359,
    0.6112849750056527,
    0.000839603405233222,
    0.7851007406663493
  ],
  "true_embedding": [
    -0.5,
    0.5,
    0.0,
    1.0
  ],
  "loss": 1.2277350856135383,
  "true_loss": 1.2584948713915889,
  "maxiter": 100,
  "opt_state": {
    "iter_num": 100
  },
  "keys": {
    "system": "shm",
    "family": "power_series_with_prefactor",
    "loss_fn": "q_rms_embedding_norm_huber"
  }
}