{
  "initial_embedding": [
    0.05265433203807601,
    0.6150225765696447,
    0.596263397580853,
    0.054263558442564475
  ],
  "found_embedding": [
    -0.5870360553292154,
    0.5869872287180774,
    -0.030234645482402293,
    0.8376367546853097
  ],
  "true_embedding": [
    -0.5,
    0.5,
    0.0,
    1.0
  ],
  "loss": 1.223191745850456,
  "true_loss": 1.2584948713915889,
  "maxiter": 100,
  "opt_state": {
    "iter_num": 100
  },
  "keys": {
    "system": "shm",
    "family": "power_series_with_prefactor",
    "loss_fn": "q_rms_embedding_norm_huber"
  }
}