{
  "initial_embedding": [
    0.004639876324982972,
    0.40220624148762196,
    0.37674827295784885,
    0.2642225744899881
  ],
  "found_embedding": [
    -0.5873428841086188,
    0.58720274977107,
    0.06256505658173002,
    0.8339102047034082
  ],
  "true_embedding": [
    -0.5,
    0.5,
    0.0,
    1.0
  ],
  "loss": 1.2248135628930183,
  "true_loss": 1.2584948713915889,
  "maxiter": 100,
  "opt_state": {
    "iter_num": 100
  },
  "keys": {
    "system": "shm",
    "family": "power_series_with_prefactor",
    "loss_fn": "q_rms_embedding_norm_huber"
  }
}