{
  "initial_embedding": [
    0.004595362739865716,
    0.7676270441923099,
    0.6449895343601316,
    0.8231373873877658
  ],
  "found_embedding": [
    -0.5645273167812173,
    0.5645453078918488,
    -0.018414985474014985,
    0.8769340602350164
  ],
  "true_embedding": [
    -0.5,
    0.5,
    0.0,
    1.0
  ],
  "loss": 1.225223859451998,
  "true_loss": 1.2584948713915889,
  "maxiter": 100,
  "opt_state": {
    "iter_num": 100
  },
  "keys": {
    "system": "shm",
    "family": "power_series_with_prefactor",
    "loss_fn": "q_rms_embedding_norm_huber"
  }
}