{
  "initial_embedding": [
    0.5548835373390932,
    0.9725462983201131,
    0.6880479997938581,
    0.1540668168234326
  ],
  "found_embedding": [
    -0.5726958746875828,
    0.5726558735449954,
    -0.12741338848136727,
    0.8734245930635979
  ],
  "true_embedding": [
    -0.5,
    0.5,
    0.0,
    1.0
  ],
  "loss": 1.2306311359370925,
  "true_loss": 1.2584948713915889,
  "maxiter": 100,
  "opt_state": {
    "iter_num": 100
  },
  "keys": {
    "system": "shm",
    "family": "power_series_with_prefactor",
    "loss_fn": "q_rms_embedding_norm_huber"
  }
}