{
  "initial_embedding": [
    0.17366433249538105,
    0.8748452864189769,
    0.0998980893986553,
    0.6816125885996414
  ],
  "found_embedding": [
    -0.5921420813852771,
    0.5922853706616285,
    -0.0032325761745936117,
    0.8444104761356834
  ],
  "true_embedding": [
    -0.5,
    0.5,
    0.0,
    1.0
  ],
  "loss": 1.2220171323715023,
  "true_loss": 1.2584948713915889,
  "maxiter": 100,
  "opt_state": {
    "iter_num": 100
  },
  "keys": {
    "system": "shm",
    "family": "power_series_with_prefactor",
    "loss_fn": "q_rms_embedding_norm_huber"
  }
}