{
  "initial_embedding": [
    0.8642435914613918,
    0.5741691964829636,
    0.2671003206877465,
    0.8715678363905243
  ],
  "found_embedding": [
    0.9075006334827642,
    -0.6168255593957268,
    -0.15780188118872943,
    -0.6525823004117076
  ],
  "true_embedding": [
    -0.5,
    0.5,
    0.0,
    1.0
  ],
  "loss": 2.0955035227751067,
  "true_loss": 1.2584948713915889,
  "maxiter": 100,
  "opt_state": {
    "iter_num": 100
  },
  "keys": {
    "system": "shm",
    "family": "power_series_with_prefactor",
    "loss_fn": "q_rms_embedding_norm_huber"
  }
}