{
  "initial_embedding": [
    0.12061972960840195,
    0.483845388690346,
    0.24854850131628903,
    0.9999667342865506
  ],
  "found_embedding": [
    -0.5814672585185994,
    0.581293696990421,
    0.0016585590316775091,
    0.8289986375638707
  ],
  "true_embedding": [
    -0.5,
    0.5,
    0.0,
    1.0
  ],
  "loss": 1.2248519032387641,
  "true_loss": 1.2584948713915889,
  "maxiter": 100,
  "opt_state": {
    "iter_num": 100
  },
  "keys": {
    "system": "shm",
    "family": "power_series_with_prefactor",
    "loss_fn": "q_rms_embedding_norm_huber"
  }
}