{
  "initial_embedding": [
    0.14013525563979623,
    0.7542307003037506,
    0.7036198261414168,
    0.48387960157043597
  ],
  "found_embedding": [
    -0.6043268381892867,
    0.6043671246881713,
    -0.03947130952641383,
    0.8258312593752059
  ],
  "true_embedding": [
    -0.5,
    0.5,
    0.0,
    1.0
  ],
  "loss": 1.2224010004153694,
  "true_loss": 1.2584948713915889,
  "maxiter": 100,
  "opt_state": {
    "iter_num": 100
  },
  "keys": {
    "system": "shm",
    "family": "power_series_with_prefactor",
    "loss_fn": "q_rms_embedding_norm_huber"
  }
}