{
  "initial_embedding": [
    0.11339825776053425,
    0.41099023965503967,
    0.11049134768990798,
    0.09526669014446376
  ],
  "found_embedding": [
    -0.5908219800020615,
    0.5908285691188435,
    0.02446854107423586,
    0.8425940293253227
  ],
  "true_embedding": [
    -0.5,
    0.5,
    0.0,
    1.0
  ],
  "loss": 1.2219847125251335,
  "true_loss": 1.2584948713915889,
  "maxiter": 100,
  "opt_state": {
    "iter_num": 100
  },
  "keys": {
    "system": "shm",
    "family": "power_series_with_prefactor",
    "loss_fn": "q_rms_embedding_norm_huber"
  }
}