{
  "initial_embedding": [
    0.43868791761649517,
    0.06520768642394881,
    0.8960447421184342,
    0.08982261998779173
  ],
  "found_embedding": [
    2.7320345600189174e+19,
    -8.412473585242178e+20,
    636836.8753755123,
    -1.0431702248181171e+17
  ],
  "true_embedding": [
    -0.5,
    0.5,
    0.0,
    1.0
  ],
  "loss": 8.634050683940556e+20,
  "true_loss": 1.2584948713915889,
  "maxiter": 100,
  "opt_state": {
    "iter_num": 100
  },
  "keys": {
    "system": "shm",
    "family": "power_series_with_prefactor",
    "loss_fn": "q_rms_embedding_norm_huber"
  }
}