{
  "initial_embedding": [
    0.04118627739424785,
    0.3016561160536144,
    0.8171459730934223,
    0.05382632848117008
  ],
  "found_embedding": [
    -0.589937648101733,
    0.5899295886094962,
    0.13243545056824432,
    0.8428665375602051
  ],
  "true_embedding": [
    -0.5,
    0.5,
    0.0,
    1.0
  ],
  "loss": 1.2292149794889242,
  "true_loss": 1.2584948713915889,
  "maxiter": 100,
  "opt_state": {
    "iter_num": 100
  },
  "keys": {
    "system": "shm",
    "family": "power_series_with_prefactor",
    "loss_fn": "q_rms_embedding_norm_huber"
  }
}