{
  "initial_embedding": [
    0.47948911732967514,
    0.7227774957578642,
    0.2713434820556939,
    0.029293455115070866
  ],
  "found_embedding": [
    -3207.417952763648,
    6577.955039147186,
    -0.023036213855427867,
    1105.4690515615694
  ],
  "true_embedding": [
    -0.5,
    0.5,
    0.0,
    1.0
  ],
  "loss": 7646.608409530269,
  "true_loss": 1.2584948713915889,
  "maxiter": 100,
  "opt_state": {
    "iter_num": 100
  },
  "keys": {
    "system": "shm",
    "family": "power_series_with_prefactor",
    "loss_fn": "q_rms_embedding_norm_huber"
  }
}