{
  "initial_embedding": [
    0.26535416350315233,
    0.219236484423735,
    0.07439927057854212,
    0.3085166882617051
  ],
  "found_embedding": [
    -0.6321719270024619,
    0.7302207174975573,
    0.0030784454344553298,
    0.9565470503720479
  ],
  "true_embedding": [
    -0.5,
    0.5,
    0.0,
    1.0
  ],
  "loss": 1.6899441442662293,
  "true_loss": 1.2584948713915889,
  "maxiter": 100,
  "opt_state": {
    "iter_num": 100
  },
  "keys": {
    "system": "shm",
    "family": "power_series_with_prefactor",
    "loss_fn": "q_rms_embedding_norm_huber"
  }
}