{
  "initial_embedding": [
    0.6082040546223709,
    0.48364642641744215,
    0.48076469292055724,
    0.4054678130062075
  ],
  "found_embedding": [
    -0.25687973162503663,
    0.2566328716713336,
    -0.0656651386073655,
    1.919823411778997
  ],
  "true_embedding": [
    -0.5,
    0.5,
    0.0,
    1.0
  ],
  "loss": 2.0156899084529365,
  "true_loss": 1.2584948713915889,
  "maxiter": 100,
  "opt_state": {
    "iter_num": 100
  },
  "keys": {
    "system": "shm",
    "family": "power_series_with_prefactor",
    "loss_fn": "q_rms_embedding_norm_huber"
  }
}