{
  "initial_embedding": [
    0.9807139371163541,
    0.21879478977086797,
    0.5933444210647295,
    0.5015790331030585
  ],
  "found_embedding": [
    -0.5209556492993861,
    4.877112130453517,
    -1.9261104850752462,
    -2.1281834136077515
  ],
  "true_embedding": [
    -0.5,
    0.5,
    0.0,
    1.0
  ],
  "loss": 6.552069321949078,
  "true_loss": 1.2584948713915889,
  "maxiter": 100,
  "opt_state": {
    "iter_num": 100
  },
  "keys": {
    "system": "shm",
    "family": "power_series_with_prefactor",
    "loss_fn": "q_rms_embedding_norm_huber"
  }
}