{
  "initial_embedding": [
    0.5314005246278973,
    0.9707261404127258,
    0.154775276094826,
    0.19059519218319831
  ],
  "found_embedding": [
    -0.569119870696386,
    0.5689488277455107,
    -0.04664863721004992,
    0.8521644228207208
  ],
  "true_embedding": [
    -0.5,
    0.5,
    0.0,
    1.0
  ],
  "loss": 1.2262144738058973,
  "true_loss": 1.2584948713915889,
  "maxiter": 100,
  "opt_state": {
    "iter_num": 100
  },
  "keys": {
    "system": "shm",
    "family": "power_series_with_prefactor",
    "loss_fn": "q_rms_embedding_norm_huber"
  }
}