{
  "initial_embedding": [
    0.23138793362621757,
    0.8998892337042879,
    0.10272843292990907,
    0.46732331540303607
  ],
  "found_embedding": [
    -0.5835077288017367,
    0.5834920583365906,
    -0.011765381688571528,
    0.8574681975381809
  ],
  "true_embedding": [
    -0.5,
    0.5,
    0.0,
    1.0
  ],
  "loss": 1.2228355953853263,
  "true_loss": 1.2584948713915889,
  "maxiter": 100,
  "opt_state": {
    "iter_num": 100
  },
  "keys": {
    "system": "shm",
    "family": "power_series_with_prefactor",
    "loss_fn": "q_rms_embedding_norm_huber"
  }
}