{
  "initial_embedding": [
    0.15746617192341417,
    0.38515271873288026,
    0.5698099702246726,
    0.36836931005678
  ],
  "found_embedding": [
    -0.5942876541566452,
    0.59426760297477,
    0.051515824514506606,
    0.8391173789943418
  ],
  "true_embedding": [
    -0.5,
    0.5,
    0.0,
    1.0
  ],
  "loss": 1.22266337844896,
  "true_loss": 1.2584948713915889,
  "maxiter": 100,
  "opt_state": {
    "iter_num": 100
  },
  "keys": {
    "system": "shm",
    "family": "power_series_with_prefactor",
    "loss_fn": "q_rms_embedding_norm_huber"
  }
}