{
  "initial_embedding": [
    0.2028285095751895,
    0.24223336790944938,
    0.8813404591402008,
    0.5894352303438765
  ],
  "found_embedding": [
    -33.22133082782824,
    246.02300931852884,
    -3.06585582975551e-05,
    -7.677125352345621
  ],
  "true_embedding": [
    -0.5,
    0.5,
    0.0,
    1.0
  ],
  "loss": 280.42536340537663,
  "true_loss": 