{
  "initial_embedding": [
    0.8496964513573995,
    0.5315314461535886,
    0.10645072473487982,
    0.9584214321990925
  ],
  "found_embedding": [
    -12.406830174093637,
    5.790182535776398,
    0.1064507247345715,
    -9.94977807535756
  ],
  "true_embedding": [
    -0.5,
    0.5,
    0.0,
    1.0
  ],
  "loss": 0.6876285169179366,
  "true_loss": 0.0,
  "maxiter": 100,
  "opt_state": {
    "iter_num": 31
  },
  "keys": {
    "system": "SHM",
    "family": "power_series_with_prefactor",
    "loss_fn": "q_only"
  }
}