{
  "initial_embedding": [
    0.5770549149909274,
    0.8366619892215226,
    0.7945680186906681,
    0.6753306269707551
  ],
  "found_embedding": [
    -0.6207102994038842,
    0.620758327196716,
    0.7945680186906667,
    0.8060155979156406
  ],
  "true_embedding": [
    -0.5,
    0.5,
    0.0,
    1.0
  ],
  "loss": 0.0004702667509105754,
  "true_loss": 0.0,
  "maxiter": 100,
  "opt_state": {
    "iter_num": 100
  },
  "keys": {
    "system": "SHM",
    "family": "power_series_with_prefactor",
    "loss_fn": "q_only"
  }
}