{
  "initial_embedding": [
    0.4993043142451261,
    0.8179830022801458,
    0.10948612898004806,
    0.43297324205784904
  ],
  "found_embedding": [
    -1.4257426615179558,
    1.425742228550679,
    0.10948612898000216,
    0.3506941416763452
  ],
  "true_embedding": [
    -0.5,
    0.5,
    0.0,
    1.0
  ],
  "loss": 9.244111180675529e-07,
  "true_loss": 0.0,
  "maxiter": 100,
  "opt_state": {
    "iter_num": 60
  },
  "keys": {
    "system": "SHM",
    "family": "power_series_with_prefactor",
    "loss_fn": "q_only"
  }
}