{
  "initial_embedding": [
    0.7301650259244253,
    0.563344844046944,
    0.5497293558806519,
    0.03823313668643313
  ],
  "found_embedding": [
    -40.34831557755695,
    64.51953537242692,
    0.5497293558796994,
    157.8939794197469
  ],
  "true_embedding": [
    -0.5,
    0.5,
    0.0,
    1.0
  ],
  "loss": 0.6884507719282968,
  "true_loss": 0.0,
  "maxiter": 100,
  "opt_state": {
    "iter_num": 2
  },
  "keys": {
    "system": "SHM",
    "family": "power_series_with_prefactor",
    "loss_fn": "q_only"
  }
}