{
  "initial_embedding": [
    0.856433934913522,
    0.7596036981614661,
    0.4023687029042954,
    0.3259915155315113
  ],
  "found_embedding": [
    0.6914800290979869,
    7.138512146484305,
    0.40236870290429194,
    7.100038459486036
  ],
  "true_embedding": [
    -0.5,
    0.5,
    0.0,
    1.0
  ],
  "loss": 0.6733066395932954,
  "true_loss": 0.0,
  "maxiter": 100,
  "opt_state": {
    "iter_num": 50
  },
  "keys": {
    "system": "SHM",
    "family": "power_series_with_prefactor",
    "loss_fn": "q_only"
  }
}