{
  "initial_embedding": [
    0.6740623071622786,
    0.13616268467055404,
    0.680755642761193,
    0.06118411921080902
  ],
  "found_embedding": [
    -4863421.715300457,
    26385140.20696422,
    0.6807555295618445,
    5138944.529551596
  ],
  "true_embedding": [
    -0.5,
    0.5,
    0.0,
    1.0
  ],
  "loss": 0.6884710374679951,
  "true_loss": 0.0,
  "maxiter": 100,
  "opt_state": {
    "iter_num": 2
  },
  "keys": {
    "system": "SHM",
    "family": "power_series_with_prefactor",
    "loss_fn": "q_only"
  }
}