{
  "initial_embedding": [
    0.054071302586055414,
    0.9329597098675436,
    0.6882486117846374,
    0.8374943262753394
  ],
  "found_embedding": [
    -0.6275665824468755,
    0.6275666239031609,
    0.6882486117846353,
    0.7967234970959073
  ],
  "true_embedding": [
    -0.5,
    0.5,
    0.0,
    1.0
  ],
  "loss": 4.055748230622484e-06,
  "true_loss": 0.0,
  "maxiter": 100,
  "opt_state": {
    "iter_num": 85
  },
  "keys": {
    "system": "SHM",
    "family": "power_series_with_prefactor",
    "loss_fn": "q_only"
  }
}