{
  "initial_embedding": [
    0.3038005815882697,
    0.9788431604803605,
    0.2690187765948937,
    0.6502203471860899
  ],
  "found_embedding": [
    -1.08628472609489,
    1.0862846681343454,
    0.2690187765948659,
    0.460284490299603
  ],
  "true_embedding": [
    -0.5,
    0.5,
    0.0,
    1.0
  ],
  "loss": 1.1684953395696623e-07,
  "true_loss": 0.0,
  "maxiter": 100,
  "opt_state": {
    "iter_num": 59
  },
  "keys": {
    "system": "SHM",
    "family": "power_series_with_prefactor",
    "loss_fn": "q_only"
  }
}