{
  "initial_embedding": [
    0.4151727982220933,
    0.5668734191343694,
    0.5087838066601267,
    0.806635403867081
  ],
  "found_embedding": [
    -0.9569611333372711,
    0.9569616146526138,
    0.5087838066600907,
    0.522489158939444
  ],
  "true_embedding": [
    -0.5,
    0.5,
    0.0,
    1.0
  ],
  "loss": 2.871284332580434e-06,
  "true_loss": 0.0,
  "maxiter": 100,
  "opt_state": {
    "iter_num": 63
  },
  "keys": {
    "system": "SHM",
    "family": "power_series_with_prefactor",
    "loss_fn": "q_only"
  }
}