{
  "initial_embedding": [
    0.8933972653128676,
    0.6326288267544861,
    0.03716062026265021,
    0.2742743519789237
  ],
  "found_embedding": [
    9.246201290724561e+20,
    -3.187081636301685e+22,
    21529050.457771737,
    -3.844626394716783e+19
  ],
  "true_embedding": [
    -0.5,
    0.5,
    0.0,
    1.0
  ],
  "loss": 0.6884710374679942,
  "true_loss": 0.0,
  "maxiter": 100,
  "opt_state": {
    "iter_num": 100
  },
  "keys": {
    "system": "SHM",
    "family": "power_series_with_prefactor",
    "loss_fn": "q_only"
  }
}