{
  "initial_embedding": [
    0.8497637273911453,
    0.9114171836420456,
    0.2104422742941202,
    0.8825856404604825
  ],
  "found_embedding": [
    -0.5369565629805005,
    2.0016501216121165,
    0.21044227429408685,
    -2.1805689527389265
  ],
  "true_embedding": [
    -0.5,
    0.5,
    0.0,
    1.0
  ],
  "loss": 0.6700227547094643,
  "true_loss": 0.0,
  "maxiter": 100,
  "opt_state": {
    "iter_num": 60
  },
  "keys": {
    "system": "SHM",
    "family": "power_series_with_prefactor",
    "loss_fn": "q_only"
  }
}