{
  "initial_embedding": [
    0.03258094461902028,
    0.5382079198332789,
    0.5976905444249299,
    0.6574921470890378
  ],
  "found_embedding": [
    -0.7207657026222786,
    0.7207615688632748,
    0.597690544424929,
    0.6930387166571269
  ],
  "true_embedding": [
    -0.5,
    0.5,
    0.0,
    1.0
  ],
  "loss": 0.0006654015049487945,
  "true_loss": 0.0,
  "maxiter": 100,
  "opt_state": {
    "iter_num": 100
  },
  "keys": {
    "system": "SHM",
    "family": "power_series_with_prefactor",
    "loss_fn": "q_only"
  }
}