{
  "initial_embedding": [
    0.340456291620167,
    0.9753123617038304,
    0.19061666371013053,
    0.15057703853560434
  ],
  "found_embedding": [
    -1.1210498618219256,
    1.1210504064939348,
    0.1906166637100962,
    0.4460101792229296
  ],
  "true_embedding": [
    -0.5,
    0.5,
    0.0,
    1.0
  ],
  "loss": 1.1165693599417752e-06,
  "true_loss": 0.0,
  "maxiter": 100,
  "opt_state": {
    "iter_num": 48
  },
  "keys": {
    "system": "SHM",
    "family": "power_series_with_prefactor",
    "loss_fn": "q_only"
  }
}