{
  "initial_embedding": [
    0.6153338293830878,
    0.6907356966229699,
    0.05356258690928062,
    0.5305018171375111
  ],
  "found_embedding": [
    -1.088709491341728,
    1.0887099963360136,
    0.05356258690924135,
    0.45925949117986564
  ],
  "true_embedding": [
    -0.5,
    0.5,
    0.0,
    1.0
  ],
  "loss": 1.080137978599163e-06,
  "true_loss": 0.0,
  "maxiter": 100,
  "opt_state": {
    "iter_num": 64
  },
  "keys": {
    "system": "SHM",
    "family": "power_series_with_prefactor",
    "loss_fn": "q_only"
  }
}