{
  "initial_embedding": [
    0.1629432451348981,
    0.4835177427264902,
    0.5194931863390064,
    0.6430979091468023
  ],
  "found_embedding": [
    -0.7567686508280429,
    0.7567859533865349,
    0.5194931863389927,
    0.6596843261844907
  ],
  "true_embedding": [
    -0.5,
    0.5,
    0.0,
    1.0
  ],
  "loss": 0.0010584809600404624,
  "true_loss": 0.0,
  "maxiter": 100,
  "opt_state": {
    "iter_num": 100
  },
  "keys": {
    "system": "SHM",
    "family": "power_series_with_prefactor",
    "loss_fn": "q_only"
  }
}