{
  "initial_embedding": [
    0.8526829113681865,
    0.1309842536168644,
    0.10375782605573436,
    0.5641369584364665
  ],
  "found_embedding": [
    -10853783.990487367,
    76512122.14423296,
    0.10375757366731664,
    1359681.6196653717
  ],
  "true_embedding": [
    -0.5,
    0.5,
    0.0,
    1.0
  ],
  "loss": 0.6884710374679949,
  "true_loss": 0.0,
  "maxiter": 100,
  "opt_state": {
    "iter_num": 2
  },
  "keys": {
    "system": "SHM",
    "family": "power_series_with_prefactor",
    "loss_fn": "q_only"
  }
}