{
  "initial_embedding": [
    0.13190358100193278,
    0.6906851091368412,
    0.5661124281176823,
    0.7541352513096665
  ],
  "found_embedding": [
    -0.9255884544189312,
    0.9255892813174049,
    0.5661124281176546,
    0.5401995646812817
  ],
  "true_embedding": [
    -0.5,
    0.5,
    0.0,
    1.0
  ],
  "loss": 4.167075092149333e-06,
  "true_loss": 0.0,
  "maxiter": 100,
  "opt_state": {
    "iter_num": 73
  },
  "keys": {
    "system": "SHM",
    "family": "power_series_with_prefactor",
    "loss_fn": "q_only"
  }
}