{
  "initial_embedding": [
    0.8601094153220313,
    0.7495619450090506,
    0.04289299914909683,
    0.7068655955817175
  ],
  "found_embedding": [
    0.6691681339922292,
    6.995879817341313,
    0.04289299914908976,
    7.152472076095869
  ],
  "true_embedding": [
    -0.5,
    0.5,
    0.0,
    1.0
  ],
  "loss": 0.6733039925129449,
  "true_loss": 0.0,
  "maxiter": 100,
  "opt_state": {
    "iter_num": 56
  },
  "keys": {
    "system": "SHM",
    "family": "power_series_with_prefactor",
    "loss_fn": "q_only"
  }
}