{
  "initial_embedding": [
    0.09621906593728957,
    0.32258086944617737,
    0.9662994599770988,
    0.6399722599832669
  ],
  "found_embedding": [
    -0.6207967829461772,
    0.6206942988790483,
    0.9662994599770905,
    0.8078144365271405
  ],
  "true_embedding": [
    -0.5,
    0.5,
    0.0,
    1.0
  ],
  "loss": 0.002027335542635601,
  "true_loss": 0.0,
  "maxiter": 100,
  "opt_state": {
    "iter_num": 100
  },
  "keys": {
    "system": "SHM",
    "family": "power_series_with_prefactor",
    "loss_fn": "q_only"
  }
}