{
  "initial_embedding": [
    0.5959309378549934,
    0.7124162203894366,
    0.09752255974653656,
    0.9321177248466227
  ],
  "found_embedding": [
    -0.7449104410932652,
    0.7449110902411608,
    0.09752255974650563,
    0.6712173543808578
  ],
  "true_embedding": [
    -0.5,
    0.5,
    0.0,
    1.0
  ],
  "loss": 4.5470120538644e-06,
  "true_loss": 0.0,
  "maxiter": 100,
  "opt_state": {
    "iter_num": 93
  },
  "keys": {
    "system": "SHM",
    "family": "power_series_with_prefactor",
    "loss_fn": "q_only"
  }
}