{
  "initial_embedding": [
    0.6621929901874237,
    0.5781689158312219,
    0.866826725318982,
    0.1185841922861921
  ],
  "found_embedding": [
    -6.657214801738605,
    10.773151154217453,
    0.866826725318812,
    8.952488114164964
  ],
  "true_embedding": [
    -0.5,
    0.5,
    0.0,
    1.0
  ],
  "loss": 0.6864199733937829,
  "true_loss": 0.0,
  "maxiter": 100,
  "opt_state": {
    "iter_num": 2
  },
  "keys": {
    "system": "SHM",
    "family": "power_series_with_prefactor",
    "loss_fn": "q_only"
  }
}