{
  "initial_embedding": [
    0.785093148417694,
    0.06368020791736873,
    0.6580936156592889,
    0.9138855502347266
  ],
  "found_embedding": [
    -199583359415.3258,
    2606338314992.4277,
    0.653459712155871,
    10155142276.176628
  ],
  "true_embedding": [
    -0.5,
    0.5,
    0.0,
    1.0
  ],
  "loss": 0.6884710374679942,
  "true_loss": 0.0,
  "maxiter": 100,
  "opt_state": {
    "iter_num": 2
  },
  "keys": {
    "system": "SHM",
    "family": "power_series_with_prefactor",
    "loss_fn": "q_only"
  }
}