{
  "initial_embedding": [
    0.9385788501561609,
    0.4581038001951381,
    0.6151640311175048,
    0.02780982110706265
  ],
  "found_embedding": [
    -941.4396961448633,
    2231.0008572489814,
    0.6151640310955899,
    4937.988164436834
  ],
  "true_embedding": [
    -0.5,
    0.5,
    0.0,
    1.0
  ],
  "loss": 0.68847104045387,
  "true_loss": 0.0,
  "maxiter": 100,
  "opt_state": {
    "iter_num": 2
  },
  "keys": {
    "system": "SHM",
    "family": "power_series_with_prefactor",
    "loss_fn": "q_only"
  }
}