{
  "initial_embedding": [
    0.14705275567748366,
    0.6321014740916521,
    0.4124619087764144,
    0.2881831547803544
  ],
  "found_embedding": [
    -0.8110711532484486,
    0.8110699973707098,
    0.4124619087763915,
    0.6164741870071215
  ],
  "true_embedding": [
    -0.5,
    0.5,
    0.0,
    1.0
  ],
  "loss": 6.47923298162757e-06,
  "true_loss": 0.0,
  "maxiter": 100,
  "opt_state": {
    "iter_num": 95
  },
  "keys": {
    "system": "SHM",
    "family": "power_series_with_prefactor",
    "loss_fn": "q_only"
  }
}