{
  "initial_embedding": [
    0.5426644838151784,
    0.6125788772969688,
    0.7290058087445653,
    0.8022413910705007
  ],
  "found_embedding": [
    -0.9140121798935139,
    0.9140124184472167,
    0.7290058087445332,
    0.5470311173747205
  ],
  "true_embedding": [
    -0.5,
    0.5,
    0.0,
    1.0
  ],
  "loss": 9.435572408792486e-06,
  "true_loss": 0.0,
  "maxiter": 100,
  "opt_state": {
    "iter_num": 57
  },
  "keys": {
    "system": "SHM",
    "family": "power_series_with_prefactor",
    "loss_fn": "q_only"
  }
}