{
  "initial_embedding": [
    0.09107888349530902,
    0.16536427313353985,
    0.951964242876702,
    0.7354368286876125
  ],
  "found_embedding": [
    -0.9281167205688219,
    0.9281172325451601,
    0.9519642428766718,
    0.5387248091329508
  ],
  "true_embedding": [
    -0.5,
    0.5,
    0.0,
    1.0
  ],
  "loss": 1.3156074948771556e-06,
  "true_loss": 0.0,
  "maxiter": 100,
  "opt_state": {
    "iter_num": 64
  },
  "keys": {
    "system": "SHM",
    "family": "power_series_with_prefactor",
    "loss_fn": "q_only"
  }
}