{
  "initial_embedding": [
    0.6101304297875755,
    0.507890309763311,
    0.1377520129321983,
    0.12781784667760765
  ],
  "found_embedding": [
    -10.179190711211268,
    16.194036760841435,
    0.1377520129319466,
    10.95532505269948
  ],
  "true_embedding": [
    -0.5,
    0.5,
    0.0,
    1.0
  ],
  "loss": 0.6872931194991401,
  "true_loss": 0.0,
  "maxiter": 100,
  "opt_state": {
    "iter_num": 2
  },
  "keys": {
    "system": "SHM",
    "family": "power_series_with_prefactor",
    "loss_fn": "q_only"
  }
}