{
  "initial_embedding": [
    0.5997642049087288,
    0.4863932871541713,
    0.1584196901403171,
    0.13587627964325577
  ],
  "found_embedding": [
    -11.80455306644832,
    18.949441193877764,
    0.15841969014003093,
    11.474404937571403
  ],
  "true_embedding": [
    -0.5,
    0.5,
    0.0,
    1.0
  ],
  "loss": 0.6875349791973386,
  "true_loss": 0.0,
  "maxiter": 100,
  "opt_state": {
    "iter_num": 2
  },
  "keys": {
    "system": "SHM",
    "family": "power_series_with_prefactor",
    "loss_fn": "q_only"
  }
}