{
  "initial_embedding": [
    0.2224292841740637,
    0.2762322553082066,
    0.8328701731890072,
    0.8455574076591356
  ],
  "found_embedding": [
    -1.043305900227215,
    1.043304333598004,
    0.8328701731889825,
    0.47924629673893887
  ],
  "true_embedding": [
    -0.5,
    0.5,
    0.0,
    1.0
  ],
  "loss": 3.296448585726543e-06,
  "true_loss": 0.0,
  "maxiter": 100,
  "opt_state": {
    "iter_num": 46
  },
  "keys": {
    "system": "SHM",
    "family": "power_series_with_prefactor",
    "loss_fn": "q_only"
  }
}