{
  "initial_embedding": [
    0.7337050869406521,
    0.04905768848212089,
    0.5131972424088685,
    0.25094114053276895
  ],
  "found_embedding": [
    -34522576210782.09,
    543972227670682.1,
    -0.29063576540363145,
    5406169370894.606
  ],
  "true_embedding": [
    -0.5,
    0.5,
    0.0,
    1.0
  ],
  "loss": 0.6884710374679942,
  "true_loss": 0.0,
  "maxiter": 100,
  "opt_state": {
    "iter_num": 2
  },
  "keys": {
    "system": "SHM",
    "family": "power_series_with_prefactor",
    "loss_fn": "q_only"
  }
}