{
  "initial_embedding": [
    0.46259081284560255,
    0.29239516797715415,
    0.29917289793054536,
    0.7930844905879777
  ],
  "found_embedding": [
    -18.81338862910094,
    36.264301905916206,
    0.2991728979300985,
    2.8119371252746777
  ],
  "true_embedding": [
    -0.5,
    0.5,
    0.0,
    1.0
  ],
  "loss": 0.687633770015527,
  "true_loss": 0.0,
  "maxiter": 100,
  "opt_state": {
    "iter_num": 2
  },
  "keys": {
    "system": "SHM",
    "family": "power_series_with_prefactor",
    "loss_fn": "q_only"
  }
}