{
  "initial_embedding": [
    0.48218997811476083,
    0.6152087961802364,
    0.6942150004880672,
    0.5565677263510374
  ],
  "found_embedding": [
    -1.0066971916669931,
    1.006696575098487,
    0.6942150004880283,
    0.49667279804131165
  ],
  "true_embedding": [
    -0.5,
    0.5,
    0.0,
    1.0
  ],
  "loss": 1.9426563487299816e-06,
  "true_loss": 0.0,
  "maxiter": 100,
  "opt_state": {
    "iter_num": 45
  },
  "keys": {
    "system": "SHM",
    "family": "power_series_with_prefactor",
    "loss_fn": "q_only"
  }
}