{
  "initial_embedding": [
    0.46003338294814444,
    0.8795753201127691,
    0.6797921635073169,
    0.19953726451038667
  ],
  "found_embedding": [
    -1.1274852314521215,
    1.127485443202622,
    0.6797921635072762,
    0.44346198159729655
  ],
  "true_embedding": [
    -0.5,
    0.5,
    0.0,
    1.0
  ],
  "loss": 4.322168602838979e-06,
  "true_loss": 0.0,
  "maxiter": 100,
  "opt_state": {
    "iter_num": 53
  },
  "keys": {
    "system": "SHM",
    "family": "power_series_with_prefactor",
    "loss_fn": "q_only"
  }
}