{
  "initial_embedding": [
    0.9947533792695783,
    0.031970332326829554,
    0.5750355173680283,
    0.44165193103603906
  ],
  "found_embedding": [
    -5.4102920931513355e+20,
    1.745172862594774e+22,
    -12652543.424964482,
    4.471152102309712e+19
  ],
  "true_embedding": [
    -0.5,
    0.5,
    0.0,
    1.0
  ],
  "loss": 0.6884710374679942,
  "true_loss": 0.0,
  "maxiter": 100,
  "opt_state": {
    "iter_num": 2
  },
  "keys": {
    "system": "SHM",
    "family": "power_series_with_prefactor",
    "loss_fn": "q_only"
  }
}