{
  "initial_embedding": [
    0.14288466212421969,
    0.8427977438616521,
    0.5252676629374795,
    0.11873639786734369
  ],
  "found_embedding": [
    -1.0711437137734945,
    1.0711437894012668,
    0.5252676629374445,
    0.46678899625502607
  ],
  "true_embedding": [
    -0.5,
    0.5,
    0.0,
    1.0
  ],
  "loss": 2.6012975941608316e-06,
  "true_loss": 0.0,
  "maxiter": 100,
  "opt_state": {
    "iter_num": 54
  },
  "keys": {
    "system": "SHM",
    "family": "power_series_with_prefactor",
    "loss_fn": "q_only"
  }
}