{
  "initial_embedding": [
    0.7406130138490075,
    0.39136406655312583,
    0.4931393845366028,
    0.597838500094727
  ],
  "found_embedding": [
    -36.97095408709108,
    83.33961065450136,
    0.49313938453572426,
    8.180631731128987
  ],
  "true_embedding": [
    -0.5,
    0.5,
    0.0,
    1.0
  ],
  "loss": 0.6884810218075728,
  "true_loss": 0.0,
  "maxiter": 100,
  "opt_state": {
    "iter_num": 2
  },
  "keys": {
    "system": "SHM",
    "family": "power_series_with_prefactor",
    "loss_fn": "q_only"
  }
}