{
  "initial_embedding": [
    0.9942934454853624,
    0.5522571419881223,
    0.9490816030471775,
    0.9485007555126402
  ],
  "found_embedding": [
    -8.01987239606881,
    19.49044624135838,
    0.949081603046966,
    2.525752308337113
  ],
  "true_embedding": [
    -0.5,
    0.5,
    0.0,
    1.0
  ],
  "loss": 0.6894806111658369,
  "true_loss": 0.0,
  "maxiter": 100,
  "opt_state": {
    "iter_num": 2
  },
  "keys": {
    "system": "SHM",
    "family": "power_series_with_prefactor",
    "loss_fn": "q_only"
  }
}