{
  "initial_embedding": [
    0.6325016959849508,
    0.37369250191257253,
    0.9437140103053346,
    0.2269159399773374
  ],
  "found_embedding": [
    -58.13106037918519,
    117.02514978912673,
    0.9437140103039666,
    28.535734842413742
  ],
  "true_embedding": [
    -0.5,
    0.5,
    0.0,
    1.0
  ],
  "loss": 0.6884531758492547,
  "true_loss": 0.0,
  "maxiter": 100,
  "opt_state": {
    "iter_num": 2
  },
  "keys": {
    "system": "SHM",
    "family": "power_series_with_prefactor",
    "loss_fn": "q_only"
  }
}