{
  "initial_embedding": [
    0.5026182550277013,
    0.8255629318214839,
    0.05117351904837919,
    0.6197328145594792
  ],
  "found_embedding": [
    -0.590886681941321,
    0.5906948955051851,
    0.05117351904835474,
    0.8438286808699135
  ],
  "true_embedding": [
    -0.5,
    0.5,
    0.0,
    1.0
  ],
  "loss": 0.002141484806120051,
  "true_loss": 0.0,
  "maxiter": 100,
  "opt_state": {
    "iter_num": 100
  },
  "keys": {
    "system": "SHM",
    "family": "power_series_with_prefactor",
    "loss_fn": "q_only"
  }
}