{
  "initial_embedding": [
    0.2730051517569472,
    0.7644151366327062,
    0.8321126539874123,
    0.485612676554556
  ],
  "found_embedding": [
    -1.0522901090601084,
    1.0522893133780942,
    0.8321126539873819,
    0.47515668897821617
  ],
  "true_embedding": [
    -0.5,
    0.5,
    0.0,
    1.0
  ],
  "loss": 3.846799676249277e-06,
  "true_loss": 0.0,
  "maxiter": 100,
  "opt_state": {
    "iter_num": 55
  },
  "keys": {
    "system": "SHM",
    "family": "power_series_with_prefactor",
    "loss_fn": "q_only"
  }
}