{
  "initial_embedding": [
    0.5819583510423983,
    0.4827304363766609,
    0.5422002073797421,
    0.8273506996042527
  ],
  "found_embedding": [
    -3.6943652230984783,
    1.7233157329658255,
    0.5422002073796378,
    -1.06274126898429
  ],
  "true_embedding": [
    -0.5,
    0.5,
    0.0,
    1.0
  ],
  "loss": 0.6743878179198128,
  "true_loss": 0.0,
  "maxiter": 100,
  "opt_state": {
    "iter_num": 61
  },
  "keys": {
    "system": "SHM",
    "family": "power_series_with_prefactor",
    "loss_fn": "q_only"
  }
}