{
  "initial_embedding": [
    0.3280557253489452,
    0.3124845271483617,
    0.002890893464886801,
    0.4582919160025548
  ],
  "found_embedding": [
    -8.855808353251684,
    4.070939525880245,
    0.0028908934646724145,
    -6.856369519481478
  ],
  "true_embedding": [
    -0.5,
    0.5,
    0.0,
    1.0
  ],
  "loss": 0.686779200615715,
  "true_loss": 0.0,
  "maxiter": 100,
  "opt_state": {
    "iter_num": 36
  },
  "keys": {
    "system": "SHM",
    "family": "power_series_with_prefactor",
    "loss_fn": "q_only"
  }
}