{
  "initial_embedding": [
    0.11713038112739937,
    0.9333637769221645,
    0.11804621564875417,
    0.8638412306085564
  ],
  "found_embedding": [
    -0.9064419594548989,
    0.9064414748738397,
    0.11804621564873297,
    0.5516073870973254
  ],
  "true_embedding": [
    -0.5,
    0.5,
    0.0,
    1.0
  ],
  "loss": 1.1716890228403002e-06,
  "true_loss": 0.0,
  "maxiter": 100,
  "opt_state": {
    "iter_num": 72
  },
  "keys": {
    "system": "SHM",
    "family": "power_series_with_prefactor",
    "loss_fn": "q_only"
  }
}