{
  "initial_embedding": [
    0.8976631852993149,
    0.9745197027257431,
    0.6627269585956195,
    0.37090764605286897
  ],
  "found_embedding": [
    -0.4833176811878652,
    1.7982313605204663,
    0.6627269585955976,
    -2.347258710730864
  ],
  "true_embedding": [
    -0.5,
    0.5,
    0.0,
    1.0
  ],
  "loss": 0.6700763322393822,
  "true_loss": 0.0,
  "maxiter": 100,
  "opt_state": {
    "iter_num": 99
  },
  "keys": {
    "system": "SHM",
    "family": "power_series_with_prefactor",
    "loss_fn": "q_only"
  }
}