{
  "initial_embedding": [
    0.07728359591926837,
    0.24209138809840547,
    0.04435272474056051,
    0.4755364742533653
  ],
  "found_embedding": [
    -0.6240960905751183,
    0.6241294105383897,
    0.04435272474054454,
    0.8191236405873231
  ],
  "true_embedding": [
    -0.5,
    0.5,
    0.0,
    1.0
  ],
  "loss": 0.015115380897772911,
  "true_loss": 0.0,
  "maxiter": 100,
  "opt_state": {
    "iter_num": 100
  },
  "keys": {
    "system": "SHM",
    "family": "power_series_with_prefactor",
    "loss_fn": "q_only"
  }
}