{
  "initial_embedding": [
    0.676326167170726,
    0.2092807635834213,
    0.06710689662899405,
    0.8406428774786006
  ],
  "found_embedding": [
    -3430.3565719182507,
    12427.188645028753,
    0.06710689654900115,
    334.19313832782143
  ],
  "true_embedding": [
    -0.5,
    0.5,
    0.0,
    1.0
  ],
  "loss": 0.6884710761193671,
  "true_loss": 0.0,
  "maxiter": 100,
  "opt_state": {
    "iter_num": 2
  },
  "keys": {
    "system": "SHM",
    "family": "power_series_with_prefactor",
    "loss_fn": "q_only"
  }
}