{
  "initial_embedding": [
    0.8790241016373525,
    0.5495726241833302,
    0.3672429978503946,
    0.9757803988247463
  ],
  "found_embedding": [
    -11.719619705490878,
    5.593042138358317,
    0.3672429978501016,
    -7.615378306119046
  ],
  "true_embedding": [
    -0.5,
    0.5,
    0.0,
    1.0
  ],
  "loss": 0.6873430582591892,
  "true_loss": 0.0,
  "maxiter": 100,
  "opt_state": {
    "iter_num": 34
  },
  "keys": {
    "system": "SHM",
    "family": "power_series_with_prefactor",
    "loss_fn": "q_only"
  }
}