{
  "initial_embedding": [
    0.7115813958794067,
    0.42716798382400123,
    0.5139603046178806,
    0.24896692097197448
  ],
  "found_embedding": [
    -36.94195514414004,
    74.08940014003359,
    0.5139603046170016,
    19.016886312071453
  ],
  "true_embedding": [
    -0.5,
    0.5,
    0.0,
    1.0
  ],
  "loss": 0.6884270977619509,
  "true_loss": 0.0,
  "maxiter": 100,
  "opt_state": {
    "iter_num": 2
  },
  "keys": {
    "system": "SHM",
    "family": "power_series_with_prefactor",
    "loss_fn": "q_only"
  }
}