{
  "initial_embedding": [
    0.1926474286668295,
    0.819542186042025,
    0.29251790861032645,
    0.4854133555024076
  ],
  "found_embedding": [
    -0.8936669115724419,
    0.8936665757590301,
    0.292517908610304,
    0.5594942647008974
  ],
  "true_embedding": [
    -0.5,
    0.5,
    0.0,
    1.0
  ],
  "loss": 2.1351645823874803e-06,
  "true_loss": 0.0,
  "maxiter": 100,
  "opt_state": {
    "iter_num": 94
  },
  "keys": {
    "system": "SHM",
    "family": "power_series_with_prefactor",
    "loss_fn": "q_only"
  }
}