{
  "initial_embedding": [
    0.5294830384034133,
    0.9261948360018557,
    0.10912912282885301,
    0.4510635016775998
  ],
  "found_embedding": [
    -0.3905225306013569,
    1.4661995573806066,
    0.10912912282883144,
    -3.2835797152897337
  ],
  "true_embedding": [
    -0.5,
    0.5,
    0.0,
    1.0
  ],
  "loss": 0.6701023277867959,
  "true_loss": 0.0,
  "maxiter": 100,
  "opt_state": {
    "iter_num": 83
  },
  "keys": {
    "system": "SHM",
    "family": "power_series_with_prefactor",
    "loss_fn": "q_only"
  }
}