{
  "initial_embedding": [
    0.45325972449430285,
    0.9208416699559966,
    0.5376372288794496,
    0.7862957452660961
  ],
  "found_embedding": [
    -1.237691650166849,
    1.237691484355059,
    0.537637228879409,
    0.4039770832788561
  ],
  "true_embedding": [
    -0.5,
    0.5,
    0.0,
    1.0
  ],
  "loss": 1.3620245390900815e-06,
  "true_loss": 0.0,
  "maxiter": 100,
  "opt_state": {
    "iter_num": 38
  },
  "keys": {
    "system": "SHM",
    "family": "power_series_with_prefactor",
    "loss_fn": "q_only"
  }
}