{
  "initial_embedding": [
    0.18943632942369826,
    0.13035381993587047,
    0.0022541512465518165,
    0.858726680204377
  ],
  "found_embedding": [
    -58.36032868537961,
    101.25228651142781,
    0.002254151245190239,
    3.2927696347521285
  ],
  "true_embedding": [
    -0.5,
    0.5,
    0.0,
    1.0
  ],
  "loss": 0.6880081770675857,
  "true_loss": 0.0,
  "maxiter": 100,
  "opt_state": {
    "iter_num": 2
  },
  "keys": {
    "system": "SHM",
    "family": "power_series_with_prefactor",
    "loss_fn": "q_only"
  }
}