{
  "initial_embedding": [
    0.677513795810507,
    0.7340939908559302,
    0.5301153691295319,
    0.9663589087494336
  ],
  "found_embedding": [
    -0.5490170810497432,
    0.549060791134332,
    0.5301153691295126,
    0.9228769421835885
  ],
  "true_embedding": [
    -0.5,
    0.5,
    0.0,
    1.0
  ],
  "loss": 0.009095158173424428,
  "true_loss": 0.0,
  "maxiter": 100,
  "opt_state": {
    "iter_num": 100
  },
  "keys": {
    "system": "SHM",
    "family": "power_series_with_prefactor",
    "loss_fn": "q_only"
  }
}