{
  "initial_embedding": [
    0.3704293372934756,
    0.5681143668443094,
    0.13102572638080756,
    0.712557072175595
  ],
  "found_embedding": [
    -0.8315424014072678,
    0.8315416770254036,
    0.1310257263807791,
    0.6012968163869431
  ],
  "true_embedding": [
    -0.5,
    0.5,
    0.0,
    1.0
  ],
  "loss": 5.326221632512905e-06,
  "true_loss": 0.0,
  "maxiter": 100,
  "opt_state": {
    "iter_num": 83
  },
  "keys": {
    "system": "SHM",
    "family": "power_series_with_prefactor",
    "loss_fn": "q_only"
  }
}