{
  "initial_embedding": [
    0.6057232657784494,
    0.8013777109804042,
    0.20125129328315805,
    0.9062516414794365
  ],
  "found_embedding": [
    -1.3405164796840852,
    1.3405164254541886,
    0.20125129328311234,
    0.3729906887340186
  ],
  "true_embedding": [
    -0.5,
    0.5,
    0.0,
    1.0
  ],
  "loss": 2.3277216396505333e-07,
  "true_loss": 0.0,
  "maxiter": 100,
  "opt_state": {
    "iter_num": 47
  },
  "keys": {
    "system": "SHM",
    "family": "power_series_with_prefactor",
    "loss_fn": "q_only"
  }
}