{
  "initial_embedding": [
    0.304256515510237,
    0.7224038424266281,
    0.4776954215816618,
    0.4266393144647871
  ],
  "found_embedding": [
    -0.9187991464729359,
    0.9187980890495439,
    0.477695421581637,
    0.5441872313950282
  ],
  "true_embedding": [
    -0.5,
    0.5,
    0.0,
    1.0
  ],
  "loss": 3.244206736609381e-06,
  "true_loss": 0.0,
  "maxiter": 100,
  "opt_state": {
    "iter_num": 76
  },
  "keys": {
    "system": "SHM",
    "family": "power_series_with_prefactor",
    "loss_fn": "q_only"
  }
}