{
  "initial_embedding": [
    0.07944104737039803,
    0.09912620187472332,
    0.5733658130797128,
    0.8986018003024479
  ],
  "found_embedding": [
    -8.173798156279705,
    12.965337532983355,
    0.5733658130795262,
    -11.079776042166422
  ],
  "true_embedding": [
    -0.5,
    0.5,
    0.0,
    1.0
  ],
  "loss": 0.6899483232071297,
  "true_loss": 0.0,
  "maxiter": 100,
  "opt_state": {
    "iter_num": 41
  },
  "keys": {
    "system": "SHM",
    "family": "power_series_with_prefactor",
    "loss_fn": "q_only"
  }
}