{
  "initial_embedding": [
    0.2639875933554122,
    0.271137684981579,
    0.9793768952943153,
    0.07188083318440219
  ],
  "found_embedding": [
    -28.412709917255544,
    34.82750503629524,
    0.9793768952936475,
    25.10276882568537
  ],
  "true_embedding": [
    -0.5,
    0.5,
    0.0,
    1.0
  ],
  "loss": 0.688088883396585,
  "true_loss": 0.0,
  "maxiter": 100,
  "opt_state": {
    "iter_num": 2
  },
  "keys": {
    "system": "SHM",
    "family": "power_series_with_prefactor",
    "loss_fn": "q_only"
  }
}