{
  "initial_embedding": [
    0.9892237066801093,
    0.023329351233962514,
    0.1446752394752917,
    0.4903008881893416
  ],
  "found_embedding": [
    NaN,
    NaN,
    NaN,
    NaN
  ],
  "true_embedding": [
    -0.5,
    0.5,
    0.0,
    1.0
  ],
  "loss": 0.6884710374679942,
  "true_loss": 0.0,
  "maxiter": 100,
  "opt_state": {
    "iter_num": 2
  },
  "keys": {
    "system": "SHM",
    "family": "power_series_with_prefactor",
    "loss_fn": "q_only"
  }
}