{
  "initial_embedding": [
    0.28656965009950264,
    0.804174340213427,
    0.7300871650492176,
    0.6882373221457673
  ],
  "found_embedding": [
    -0.9007818494326236,
    0.9007811831752175,
    0.73008716504919,
    0.5550667816706002
  ],
  "true_embedding": [
    -0.5,
    0.5,
    0.0,
    1.0
  ],
  "loss": 8.522739261613318e-06,
  "true_loss": 0.0,
  "maxiter": 100,
  "opt_state": {
    "iter_num": 76
  },
  "keys": {
    "system": "SHM",
    "family": "power_series_with_prefactor",
    "loss_fn": "q_only"
  }
}