{
  "initial_embedding": [
    0.06595205947502059,
    0.2534190805042069,
    0.2150858888692473,
    0.22252748212593487
  ],
  "found_embedding": [
    -0.6069754990813164,
    0.6070201111340492,
    0.21508588886922866,
    0.835967046849573
  ],
  "true_embedding": [
    -0.5,
    0.5,
    0.0,
    1.0
  ],
  "loss": 0.010078846269665476,
  "true_loss": 0.0,
  "maxiter": 100,
  "opt_state": {
    "iter_num": 100
  },
  "keys": {
    "system": "SHM",
    "family": "power_series_with_prefactor",
    "loss_fn": "q_only"
  }
}