{
  "initial_embedding": [
    0.08961812152213489,
    0.5975073012063441,
    0.6050052465151033,
    0.661521190866854
  ],
  "found_embedding": [
    -0.7875166208732216,
    0.7875147125123978,
    0.6050052465150728,
    0.6349212131912714
  ],
  "true_embedding": [
    -0.5,
    0.5,
    0.0,
    1.0
  ],
  "loss": 1.5385024411040683e-05,
  "true_loss": 0.0,
  "maxiter": 100,
  "opt_state": {
    "iter_num": 91
  },
  "keys": {
    "system": "SHM",
    "family": "power_series_with_prefactor",
    "loss_fn": "q_only"
  }
}