{
  "initial_embedding": [
    0.4283973440230394,
    0.07689261414734083,
    0.971178480702256,
    0.7474866250614337
  ],
  "found_embedding": [
    -4215003.872619003,
    25597781.421862666,
    0.9711783822439976,
    217507.88531967136
  ],
  "true_embedding": [
    -0.5,
    0.5,
    0.0,
    1.0
  ],
  "loss": 0.6884710374680137,
  "true_loss": 0.0,
  "maxiter": 100,
  "opt_state": {
    "iter_num": 2
  },
  "keys": {
    "system": "SHM",
    "family": "power_series_with_prefactor",
    "loss_fn": "q_only"
  }
}