{
  "initial_embedding": [
    0.4853972851437164,
    0.9406911569099301,
    0.12576093209080996,
    0.5576012635024331
  ],
  "found_embedding": [
    -0.6329353634018938,
    0.6329335971758575,
    0.12576093209078582,
    0.7898951856368165
  ],
  "true_embedding": [
    -0.5,
    0.5,
    0.0,
    1.0
  ],
  "loss": 6.63855848615794e-05,
  "true_loss": 0.0,
  "maxiter": 100,
  "opt_state": {
    "iter_num": 100
  },
  "keys": {
    "system": "SHM",
    "family": "power_series_with_prefactor",
    "loss_fn": "q_only"
  }
}