{
  "initial_embedding": [
    0.20769561447310447,
    0.7796721155767211,
    0.7812694085262571,
    0.5205889127503281
  ],
  "found_embedding": [
    -0.8622232142888026,
    0.8622240260046656,
    0.7812694085262156,
    0.5799257858522242
  ],
  "true_embedding": [
    -0.5,
    0.5,
    0.0,
    1.0
  ],
  "loss": 3.5414471402082466e-05,
  "true_loss": 0.0,
  "maxiter": 100,
  "opt_state": {
    "iter_num": 100
  },
  "keys": {
    "system": "SHM",
    "family": "power_series_with_prefactor",
    "loss_fn": "q_only"
  }
}