{
  "initial_embedding": [
    0.7086896302088368,
    0.8434854734536016,
    0.8887452986007254,
    0.055306602061631516
  ],
  "found_embedding": [
    3.452920144690666,
    -1.6092323297142717,
    0.8887452986007797,
    1.2108051667883344
  ],
  "true_embedding": [
    -0.5,
    0.5,
    0.0,
    1.0
  ],
  "loss": 0.6744971258867807,
  "true_loss": 0.0,
  "maxiter": 100,
  "opt_state": {
    "iter_num": 100
  },
  "keys": {
    "system": "SHM",
    "family": "power_series_with_prefactor",
    "loss_fn": "q_only"
  }
}