{
  "initial_embedding": [
    0.4887704347716818,
    0.09923704426793667,
    0.6052600205800995,
    0.5440622552194206
  ],
  "found_embedding": [
    -978830.1834145255,
    5284671.128192411,
    0.6052599977044888,
    84571.0857397975
  ],
  "true_embedding": [
    -0.5,
    0.5,
    0.0,
    1.0
  ],
  "loss": 0.6884710374682952,
  "true_loss": 0.0,
  "maxiter": 100,
  "opt_state": {
    "iter_num": 2
  },
  "keys": {
    "system": "SHM",
    "family": "power_series_with_prefactor",
    "loss_fn": "q_only"
  }
}