{
  "initial_embedding": [
    0.014657204893591569,
    0.7101709469138282,
    0.6309566143691704,
    0.08540427295924502
  ],
  "found_embedding": [
    -0.854646255122483,
    0.8546475168648198,
    0.6309566143691491,
    0.5850469044575141
  ],
  "true_embedding": [
    -0.5,
    0.5,
    0.0,
    1.0
  ],
  "loss": 1.2093173556950918e-05,
  "true_loss": 0.0,
  "maxiter": 100,
  "opt_state": {
    "iter_num": 96
  },
  "keys": {
    "system": "SHM",
    "family": "power_series_with_prefactor",
    "loss_fn": "q_only"
  }
}