{
  "initial_embedding": [
    0.7163743992512116,
    0.1884983032298836,
    0.07204653608471656,
    0.5866196928298911
  ],
  "found_embedding": [
    -22899.45996923911,
    96654.83646217673,
    0.07204653555095686,
    3093.1133311634044
  ],
  "true_embedding": [
    -0.5,
    0.5,
    0.0,
    1.0
  ],
  "loss": 0.6884710380176923,
  "true_loss": 0.0,
  "maxiter": 100,
  "opt_state": {
    "iter_num": 2
  },
  "keys": {
    "system": "SHM",
    "family": "power_series_with_prefactor",
    "loss_fn": "q_only"
  }
}