{
  "initial_embedding": [
    0.9188097661738059,
    0.6169105239054299,
    0.7639025363160856,
    0.31810409954413243
  ],
  "found_embedding": [
    -7.043057341666588,
    14.678704913779455,
    0.7639025363159004,
    4.591635260593368
  ],
  "true_embedding": [
    -0.5,
    0.5,
    0.0,
    1.0
  ],
  "loss": 0.6879370538588105,
  "true_loss": 0.0,
  "maxiter": 100,
  "opt_state": {
    "iter_num": 2
  },
  "keys": {
    "system": "SHM",
    "family": "power_series_with_prefactor",
    "loss_fn": "q_only"
  }
}