{
  "initial_embedding": [
    0.650920337278343,
    0.08568730468511154,
    0.3432828107763821,
    0.2701179010466963
  ],
  "found_embedding": [
    -343087236.5908872,
    2805299002.2538786,
    0.34327476414933744,
    63142983.70142307
  ],
  "true_embedding": [
    -0.5,
    0.5,
    0.0,
    1.0
  ],
  "loss": 0.6884710374679942,
  "true_loss": 0.0,
  "maxiter": 100,
  "opt_state": {
    "iter_num": 2
  },
  "keys": {
    "system": "SHM",
    "family": "power_series_with_prefactor",
    "loss_fn": "q_only"
  }
}