{
  "initial_embedding": [
    0.4215249838312194,
    0.6264478695186249,
    0.883132797503914,
    0.17344039365287478
  ],
  "found_embedding": [
    -0.15646303556065824,
    0.5833338380840377,
    0.8831327975039237,
    -7.141373679452714
  ],
  "true_embedding": [
    -0.5,
    0.5,
    0.0,
    1.0
  ],
  "loss": 0.6701112574949248,
  "true_loss": 0.0,
  "maxiter": 100,
  "opt_state": {
    "iter_num": 100
  },
  "keys": {
    "system": "SHM",
    "family": "power_series_with_prefactor",
    "loss_fn": "q_only"
  }
}