{
  "initial_embedding": [
    0.7399348348536318,
    0.30825394853140897,
    0.603488926119618,
    0.6836043844562467
  ],
  "found_embedding": [
    -228.4855438523206,
    628.7747119739736,
    0.6034889261142974,
    35.96036831048044
  ],
  "true_embedding": [
    -0.5,
    0.5,
    0.0,
    1.0
  ],
  "loss": 0.688475386211363,
  "true_loss": 0.0,
  "maxiter": 100,
  "opt_state": {
    "iter_num": 2
  },
  "keys": {
    "system": "SHM",
    "family": "power_series_with_prefactor",
    "loss_fn": "q_only"
  }
}