{
  "initial_embedding": [
    0.8179930323903872,
    0.848827591700269,
    0.03776943899485097,
    0.8318558792040792
  ],
  "found_embedding": [
    0.770275068222264,
    -0.23688899428570995,
    0.037769438994850316,
    -7684.000281234289
  ],
  "true_embedding": [
    -0.5,
    0.5,
    0.0,
    1.0
  ],
  "loss": 0.6884581284793623,
  "true_loss": 0.0,
  "maxiter": 100,
  "opt_state": {
    "iter_num": 100
  },
  "keys": {
    "system": "SHM",
    "family": "power_series_with_prefactor",
    "loss_fn": "q_only"
  }
}