{
  "initial_embedding": [
    0.40616563932388516,
    0.23826707439773676,
    0.7286879496909348,
    0.45667615493637537
  ],
  "found_embedding": [
    -74.21202973138247,
    149.33284425746055,
    0.728687949689201,
    11.880486287608138
  ],
  "true_embedding": [
    -0.5,
    0.5,
    0.0,
    1.0
  ],
  "loss": 0.6884372897171882,
  "true_loss": 0.0,
  "maxiter": 100,
  "opt_state": {
    "iter_num": 2
  },
  "keys": {
    "system": "SHM",
    "family": "power_series_with_prefactor",
    "loss_fn": "q_only"
  }
}