{
  "initial_embedding": [
    0.3652355883265924,
    0.5237025741559264,
    0.5769265371183572,
    0.6855806555487679
  ],
  "found_embedding": [
    -0.9921811151871472,
    0.9921814082194572,
    0.5769265371183162,
    0.5039363314732537
  ],
  "true_embedding": [
    -0.5,
    0.5,
    0.0,
    1.0
  ],
  "loss": 5.306706020688161e-06,
  "true_loss": 0.0,
  "maxiter": 100,
  "opt_state": {
    "iter_num": 66
  },
  "keys": {
    "system": "SHM",
    "family": "power_series_with_prefactor",
    "loss_fn": "q_only"
  }
}