{
  "initial_embedding": [
    0.09961570287177002,
    0.3093557828454214,
    0.08071203281786798,
    0.6676102239128456
  ],
  "found_embedding": [
    -0.6138207150854922,
    0.6137452562518302,
    0.08071203281785055,
    0.8157267305787808
  ],
  "true_embedding": [
    -0.5,
    0.5,
    0.0,
    1.0
  ],
  "loss": 0.000977625614118693,
  "true_loss": 0.0,
  "maxiter": 100,
  "opt_state": {
    "iter_num": 100
  },
  "keys": {
    "system": "SHM",
    "family": "power_series_with_prefactor",
    "loss_fn": "q_only"
  }
}