{
  "initial_embedding": [
    0.6810187895703664,
    0.8586224267860136,
    0.22521314106680268,
    0.412644292709096
  ],
  "found_embedding": [
    -1.4153058456068526,
    1.4153051106908088,
    0.22521314106675636,
    0.35328129592749613
  ],
  "true_embedding": [
    -0.5,
    0.5,
    0.0,
    1.0
  ],
  "loss": 1.7559735876789109e-06,
  "true_loss": 0.0,
  "maxiter": 100,
  "opt_state": {
    "iter_num": 55
  },
  "keys": {
    "system": "SHM",
    "family": "power_series_with_prefactor",
    "loss_fn": "q_only"
  }
}