{
  "initial_embedding": [
    0.16462681256598233,
    0.29945145542084284,
    0.22929216960534082,
    0.008188649229266987
  ],
  "found_embedding": [
    -33.58007868662391,
    25.085935797784877,
    0.22929216960455062,
    228.01471956686086
  ],
  "true_embedding": [
    -0.5,
    0.5,
    0.0,
    1.0
  ],
  "loss": 0.688437209934014,
  "true_loss": 0.0,
  "maxiter": 100,
  "opt_state": {
    "iter_num": 2
  },
  "keys": {
    "system": "SHM",
    "family": "power_series_with_prefactor",
    "loss_fn": "q_only"
  }
}