{
  "initial_embedding": [
    0.5295187922456076,
    0.39896077636664273,
    0.4596133459086218,
    0.494057970123537
  ],
  "found_embedding": [
    -12.947026446132817,
    5.670539605894134,
    0.45961334590830827,
    -6.397555548294391
  ],
  "true_embedding": [
    -0.5,
    0.5,
    0.0,
    1.0
  ],
  "loss": 0.687303806729078,
  "true_loss": 0.0,
  "maxiter": 100,
  "opt_state": {
    "iter_num": 38
  },
  "keys": {
    "system": "SHM",
    "family": "power_series_with_prefactor",
    "loss_fn": "q_only"
  }
}