{
  "initial_embedding": [
    0.49436392262900797,
    0.7164875729835697,
    0.2993783644686101,
    0.669557178745486
  ],
  "found_embedding": [
    -0.9036727470925758,
    0.9036714689933937,
    0.299378364468583,
    0.5533058368941943
  ],
  "true_embedding": [
    -0.5,
    0.5,
    0.0,
    1.0
  ],
  "loss": 1.0257445879052467e-05,
  "true_loss": 0.0,
  "maxiter": 100,
  "opt_state": {
    "iter_num": 72
  },
  "keys": {
    "system": "SHM",
    "family": "power_series_with_prefactor",
    "loss_fn": "q_only"
  }
}