{
  "initial_embedding": [
    0.008163407501003972,
    0.7268726891705042,
    0.867142054952778,
    0.5107332155534722
  ],
  "found_embedding": [
    -0.8104534041864309,
    0.8104523900539361,
    0.8671420549527469,
    0.6169425326029875
  ],
  "true_embedding": [
    -0.5,
    0.5,
    0.0,
    1.0
  ],
  "loss": 4.850865922811237e-06,
  "true_loss": 0.0,
  "maxiter": 100,
  "opt_state": {
    "iter_num": 75
  },
  "keys": {
    "system": "SHM",
    "family": "power_series_with_prefactor",
    "loss_fn": "q_only"
  }
}