{
  "initial_embedding": [
    0.761954684130231,
    0.3139810278638855,
    0.20398635380571217,
    0.256935482993252
  ],
  "found_embedding": [
    -631.0391790716105,
    1750.2212141186646,
    0.20398635379092933,
    265.0465146245559
  ],
  "true_embedding": [
    -0.5,
    0.5,
    0.0,
    1.0
  ],
  "loss": 0.6884712555042926,
  "true_loss": 0.0,
  "maxiter": 100,
  "opt_state": {
    "iter_num": 2
  },
  "keys": {
    "system": "SHM",
    "family": "power_series_with_prefactor",
    "loss_fn": "q_only"
  }
}