{
  "initial_embedding": [
    0.15513201177247016,
    0.8518597508291736,
    0.22738007601659282,
    0.3129343712588837
  ],
  "found_embedding": [
    -0.9867372421875804,
    0.9867378860596845,
    0.22738007601656418,
    0.5067233624643612
  ],
  "true_embedding": [
    -0.5,
    0.5,
    0.0,
    1.0
  ],
  "loss": 4.3103968084521865e-06,
  "true_loss": 0.0,
  "maxiter": 100,
  "opt_state": {
    "iter_num": 64
  },
  "keys": {
    "system": "SHM",
    "family": "power_series_with_prefactor",
    "loss_fn": "q_only"
  }
}