{
  "initial_embedding": [
    0.7439432972311661,
    0.8258526265784744,
    0.17577119096377047,
    0.3042959678681689
  ],
  "found_embedding": [
    6743199572206282.0,
    -1.7361352378076496e+17,
    156.88580678043186,
    -130922286328060.39
  ],
  "true_embedding": [
    -0.5,
    0.5,
    0.0,
    1.0
  ],
  "loss": 0.6884710374679942,
  "true_loss": 0.0,
  "maxiter": 100,
  "opt_state": {
    "iter_num": 86
  },
  "keys": {
    "system": "SHM",
    "family": "power_series_with_prefactor",
    "loss_fn": "q_only"
  }
}