{
  "initial_embedding": [
    0.5665034497499754,
    0.5716310330249027,
    0.7462258208545831,
    0.4512553170264342
  ],
  "found_embedding": [
    -0.7443975627187728,
    2.804681052449286,
    0.7462258208545578,
    -1.7393327974207953
  ],
  "true_embedding": [
    -0.5,
    0.5,
    0.0,
    1.0
  ],
  "loss": 0.6701361922011727,
  "true_loss": 0.0,
  "maxiter": 100,
  "opt_state": {
    "iter_num": 59
  },
  "keys": {
    "system": "SHM",
    "family": "power_series_with_prefactor",
    "loss_fn": "q_only"
  }
}