{
  "initial_embedding": [
    0.20009930192712144,
    0.036477531261924434,
    0.414389690880998,
    0.19466911046894886
  ],
  "found_embedding": [
    -61009489.25429245,
    365054777.4338014,
    0.4143882717782249,
    5693460.247994256
  ],
  "true_embedding": [
    -0.5,
    0.5,
    0.0,
    1.0
  ],
  "loss": 0.6884710374679942,
  "true_loss": 0.0,
  "maxiter": 100,
  "opt_state": {
    "iter_num": 2
  },
  "keys": {
    "system": "SHM",
    "family": "power_series_with_prefactor",
    "loss_fn": "q_only"
  }
}