{
  "initial_embedding": [
    0.41570197753570093,
    0.2278272450891391,
    0.8858226553077154,
    0.31130352521548565
  ],
  "found_embedding": [
    -173.44766420058193,
    370.0210919172313,
    0.8858226553036604,
    38.77420108871334
  ],
  "true_embedding": [
    -0.5,
    0.5,
    0.0,
    1.0
  ],
  "loss": 0.6884693142828165,
  "true_loss": 0.0,
  "maxiter": 100,
  "opt_state": {
    "iter_num": 2
  },
  "keys": {
    "system": "SHM",
    "family": "power_series_with_prefactor",
    "loss_fn": "q_only"
  }
}