{
  "initial_embedding": [
    0.01841258627936415,
    0.9208833271823004,
    0.717597088734067,
    0.17672133313684568
  ],
  "found_embedding": [
    -0.9722627127915074,
    0.9722627589659797,
    0.7175970887340448,
    0.5142691717113959
  ],
  "true_embedding": [
    -0.5,
    0.5,
    0.0,
    1.0
  ],
  "loss": 6.5415073324826376e-06,
  "true_loss": 0.0,
  "maxiter": 100,
  "opt_state": {
    "iter_num": 56
  },
  "keys": {
    "system": "SHM",
    "family": "power_series_with_prefactor",
    "loss_fn": "q_only"
  }
}