{
  "initial_embedding": [
    0.31927500525557073,
    0.3332868789911615,
    0.1479072313526365,
    0.9725549885250102
  ],
  "found_embedding": [
    -1.4425662576356353,
    0.673150561608433,
    0.1479072313525984,
    -2.4876010888176285
  ],
  "true_embedding": [
    -0.5,
    0.5,
    0.0,
    1.0
  ],
  "loss": 0.6744101398636699,
  "true_loss": 0.0,
  "maxiter": 100,
  "opt_state": {
    "iter_num": 100
  },
  "keys": {
    "system": "SHM",
    "family": "power_series_with_prefactor",
    "loss_fn": "q_only"
  }
}