{
  "initial_embedding": [
    0.40203679630456923,
    0.9311920394727765,
    0.23517756070278306,
    0.18447445663648898
  ],
  "found_embedding": [
    -1.12465923813961,
    1.1246595738416756,
    0.23517756070274745,
    0.4445792303251391
  ],
  "true_embedding": [
    -0.5,
    0.5,
    0.0,
    1.0
  ],
  "loss": 7.107193550047149e-07,
  "true_loss": 0.0,
  "maxiter": 100,
  "opt_state": {
    "iter_num": 50
  },
  "keys": {
    "system": "SHM",
    "family": "power_series_with_prefactor",
    "loss_fn": "q_only"
  }
}