{
  "initial_embedding": [
    0.3328574394803784,
    0.3592384818949437,
    0.4999721109098534,
    0.3372008499626562
  ],
  "found_embedding": [
    -2.0813276317776004,
    0.9666034222285852,
    0.4999721109097982,
    -2.3542522762898184
  ],
  "true_embedding": [
    -0.5,
    0.5,
    0.0,
    1.0
  ],
  "loss": 0.6751061190726455,
  "true_loss": 0.0,
  "maxiter": 100,
  "opt_state": {
    "iter_num": 100
  },
  "keys": {
    "system": "SHM",
    "family": "power_series_with_prefactor",
    "loss_fn": "q_only"
  }
}