{
  "initial_embedding": [
    0.1560117670828528,
    0.8241344612766685,
    0.9827555680444673,
    0.6640459472427834
  ],
  "found_embedding": [
    -0.7513923278222407,
    0.7513875478921803,
    0.9827555680444438,
    0.6655577098901635
  ],
  "true_embedding": [
    -0.5,
    0.5,
    0.0,
    1.0
  ],
  "loss": 0.0001295950348444842,
  "true_loss": 0.0,
  "maxiter": 100,
  "opt_state": {
    "iter_num": 100
  },
  "keys": {
    "system": "SHM",
    "family": "power_series_with_prefactor",
    "loss_fn": "q_only"
  }
}