{
  "initial_embedding": [
    0.6119579434737685,
    0.35323365518913674,
    0.5092971184584839,
    0.2831682995973761
  ],
  "found_embedding": [
    -59.13595881768256,
    121.51926227361355,
    0.5092971184570886,
    22.3079038179322
  ],
  "true_embedding": [
    -0.5,
    0.5,
    0.0,
    1.0
  ],
  "loss": 0.6884536850676476,
  "true_loss": 0.0,
  "maxiter": 100,
  "opt_state": {
    "iter_num": 2
  },
  "keys": {
    "system": "SHM",
    "family": "power_series_with_prefactor",
    "loss_fn": "q_only"
  }
}