{
  "initial_embedding": [
    0.3065671178999706,
    0.6860215304316799,
    0.5454954001508558,
    0.12037882816020284
  ],
  "found_embedding": [
    -1.0538575842072646,
    1.0538573257665047,
    0.5454954001508248,
    0.47444672871626753
  ],
  "true_embedding": [
    -0.5,
    0.5,
    0.0,
    1.0
  ],
  "loss": 1.187667499674752e-06,
  "true_loss": 0.0,
  "maxiter": 100,
  "opt_state": {
    "iter_num": 54
  },
  "keys": {
    "system": "SHM",
    "family": "power_series_with_prefactor",
    "loss_fn": "q_only"
  }
}