{
  "initial_embedding": [
    0.00037098949407887716,
    0.10784015556585169,
    0.9623262902610706,
    0.4201489644684623
  ],
  "found_embedding": [
    -0.6128176618462924,
    0.6126661795210334,
    0.9623262902610754,
    0.8155521636117727
  ],
  "true_embedding": [
    -0.5,
    0.5,
    0.0,
    1.0
  ],
  "loss": 0.000655745718627273,
  "true_loss": 0.0,
  "maxiter": 100,
  "opt_state": {
    "iter_num": 100
  },
  "keys": {
    "system": "SHM",
    "family": "power_series_with_prefactor",
    "loss_fn": "q_only"
  }
}