{
  "initial_embedding": [
    0.0339387948741926,
    0.5806905514107802,
    0.10156151637631905,
    0.1413498245530307
  ],
  "found_embedding": [
    -0.7952157506495029,
    0.7952166580714222,
    0.10156151637630033,
    0.6287488912680584
  ],
  "true_embedding": [
    -0.5,
    0.5,
    0.0,
    1.0
  ],
  "loss": 1.2282448790046072e-05,
  "true_loss": 0.0,
  "maxiter": 100,
  "opt_state": {
    "iter_num": 100
  },
  "keys": {
    "system": "SHM",
    "family": "power_series_with_prefactor",
    "loss_fn": "q_only"
  }
}