{
  "initial_embedding": [
    0.6330684641892136,
    0.5993644645484024,
    0.419122310790335,
    0.12721136114791198
  ],
  "found_embedding": [
    405907667948642.06,
    -1.0149989793786878e+16,
    9.901323466438612,
    -563236918255.8256
  ],
  "true_embedding": [
    -0.5,
    0.5,
    0.0,
    1.0
  ],
  "loss": 0.6884710374679942,
  "true_loss": 0.0,
  "maxiter": 100,
  "opt_state": {
    "iter_num": 100
  },
  "keys": {
    "system": "SHM",
    "family": "power_series_with_prefactor",
    "loss_fn": "q_only"
  }
}