{
  "initial_embedding": [
    0.7540440247056676,
    0.0798734524770055,
    0.36271880733866446,
    0.759382421328707
  ],
  "found_embedding": [
    -2583787489.1911206,
    26053607728.791668,
    0.36265846508641,
    174750004.3730906
  ],
  "true_embedding": [
    -0.5,
    0.5,
    0.0,
    1.0
  ],
  "loss": 0.6884710374679942,
  "true_loss": 0.0,
  "maxiter": 100,
  "opt_state": {
    "iter_num": 2
  },
  "keys": {
    "system": "SHM",
    "family": "power_series_with_prefactor",
    "loss_fn": "q_only"
  }
}