{
  "initial_embedding": [
    0.8666607736584958,
    0.9398934823615295,
    0.028883657942937457,
    0.8990003740284473
  ],
  "found_embedding": [
    -1.2699495987643492,
    0.5940346720665539,
    0.028883657942891626,
    -2.3269631631088266
  ],
  "true_embedding": [
    -0.5,
    0.5,
    0.0,
    1.0
  ],
  "loss": 0.6754752119789221,
  "true_loss": 0.0,
  "maxiter": 100,
  "opt_state": {
    "iter_num": 98
  },
  "keys": {
    "system": "SHM",
    "family": "power_series_with_prefactor",
    "loss_fn": "q_only"
  }
}