{"initial_embedding": [0.02049491798402292, 0.6610481754841189, 0.9270861335573939, 0.05501389964805281], "found_embedding": [-0.7425655647530174, 0.7425680511651691, 0.9270861335573861, 0.673327453024978], "true_embedding": [-0.5, 0.5, 0.0, 1.0], "loss": 1.499677776814001e-05, "maxiter": 1000}