{"initial_embedding": [0.21747281653914252, 0.9635836760333362, 0.5359087043290754, 0.4209406613784712], "found_embedding": [-1.2289674675675737, 1.2289668186090243, 0.5359087043290374, 0.40684617337096934], "true_embedding": [-0.5, 0.5, 0.0, 1.0], "loss": 1.4195765709035667e-06, "maxiter": 1000}