{"initial_embedding": [0.9528852792100041, 0.677893608617955, 0.6029211488027921, 0.7706564021517351], "found_embedding": [-8.16654017823023, 3.7643042179476325, 0.6029211488025665, -9.780723209817486], "true_embedding": [-0.5, 0.5, 0.0, 1.0], "loss": 0.6871749199534941, "maxiter": 1000}