{"initial_embedding": [0.3340357156199967, 0.35806707788871805, 0.6090537061416248, 0.9676972794064752], "found_embedding": [-1.4444810096543947, 0.6748182414334036, 0.609053706141577, -2.2656791529960465], "true_embedding": [-0.5, 0.5, 0.0, 1.0], "loss": 0.6747118115776813, "maxiter": 1000}