{"initial_embedding": [0.033638895940206304, 0.7120599934686627, 0.3300062575566065, 0.9710263293001825], "found_embedding": [-0.6687853999111348, 0.6687865401450455, 0.3300062575566003, 0.7475950830993567], "true_embedding": [-0.5, 0.5, 0.0, 1.0], "loss": 2.636960663398762e-05, "maxiter": 1000}