{"initial_embedding": [0.7506735106401338, 0.05375682608419641, 0.08181870025536819, 0.8628966753315664], "found_embedding": [-2454909463098.0176, 36183735570016.125, 0.025002599181149443, 118539424325.98149], "true_embedding": [-0.5, 0.5, 0.0, 1.0], "loss": 0.6884710374679942, "maxiter": 1000}