{"initial_embedding": [0.39902820389311344, 0.8722186433776813, 0.7330287190989182, 0.6082690759394496], "found_embedding": [-1.113231197200956, 1.1132310365661395, 0.7330287190988812, 0.44914536566274177], "true_embedding": [-0.5, 0.5, 0.0, 1.0], "loss": 3.596884279451316e-06, "maxiter": 1000}