{"initial_embedding": [0.3107007481248215, 0.5601416314096512, 0.7026291775515288, 0.6190518150806458], "found_embedding": [-0.8439520518122163, 0.8439519347846469, 0.702629177551509, 0.5924585994443168], "true_embedding": [-0.5, 0.5, 0.0, 1.0], "loss": 9.121433681318648e-06, "maxiter": 1000}