{"initial_embedding": [0.5518474592954516, 0.004236226440342827, 0.18859458883150848, 0.820856821998233], "found_embedding": [NaN, NaN, NaN, NaN], "true_embedding": [-0.5, 0.5, 0.0, 1.0], "loss": 0.6884710374679942, "maxiter": 1000}