{"initial_embedding": [0.643730248826667, 0.35952157406994345, 0.4089301450374295, 0.8032469638298454], "found_embedding": [-23.715986983451643, 51.27898368961496, 0.40893014503686387, 4.071928276617829], "true_embedding": [-0.5, 0.5, 0.0, 1.0], "loss": 0.688394218499208, "maxiter": 1000}