{"initial_embedding": [0.06547018648436354, 0.891554372990413, 0.47723706772044205, 0.9526280202005108], "found_embedding": [0.0674350363101348, 0.6739901889611594, 0.4772370677204421, 0.7473176638840674], "true_embedding": [-0.5, 0.5, 0.0, 1.0], "loss": 0.000820692019309834, "maxiter": 1000}