{"initial_embedding": [0.38829548488702126, 0.030172747101847586, 0.7885671795191476, 0.028020985016583566], "found_embedding": [0.3801115299168749, 0.7125803937229261, 0.7885671795191476, 0.7088896821033135], "true_embedding": [-0.5, 0.5, 0.0, 1.0], "loss": 0.00114707221960761, "maxiter": 1000}