{"initial_embedding": [0.03042943645358731, 0.016037926741875208, 0.21550602351865022, 0.5598617792101134], "found_embedding": [0.021651648624970425, 0.7607294240370748, 0.21550602351865025, 0.6617917362554375], "true_embedding": [-0.5, 0.5, 0.0, 1.0], "loss": 0.000766944625902698, "maxiter": 1000}