{"initial_embedding": [0.8848620693029408, 0.3786252793007471, 0.09306236704244675, 0.5119756570947529], "found_embedding": [0.8806973246848298, 0.682696086205575, 0.09306236704244668, 0.7436530655149612], "true_embedding": [-0.5, 0.5, 0.0, 1.0], "loss": 0.001721140402293186, "maxiter": 1000}