{"initial_embedding": [0.9539915509493989, 0.8682023091071769, 0.09089493895468104, 0.7592230065424779], "found_embedding": [0.9545395085623273, 0.7759462128545858, 0.09089493895468105, 0.6540235711930339], "true_embedding": [-0.5, 0.5, 0.0, 1.0], "loss": 0.0016755165380410175, "maxiter": 1000}