{"initial_embedding": [0.11829543379121021, 0.682969936019346, 0.7403176820753429, 0.38600258434495927], "found_embedding": [0.11681049890987034, 0.8153240498095974, 0.7403176820753429, 0.6179504441250407], "true_embedding": [-0.5, 0.5, 0.0, 1.0], "loss": 0.0008531590291247448, "maxiter": 1000}