{"initial_embedding": [0.056399623574174274, 0.9224915469311424, 0.861257997503044, 0.8055464826295401], "found_embedding": [0.057547685413577514, 0.7802737736419624, 0.861257997503044, 0.6454099776790871], "true_embedding": [-0.5, 0.5, 0.0, 1.0], "loss": 0.0008009411727035136, "maxiter": 1000}