{"initial_embedding": [0.13655188449347477, 0.04655840498289687, 0.6015099817704892, 0.5166373476889069], "found_embedding": [0.12780726235811557, 0.6900584829062786, 0.6015099817704892, 0.7303304362607841], "true_embedding": [-0.5, 0.5, 0.0, 1.0], "loss": 0.0008846881295783203, "maxiter": 1000}