{"initial_embedding": [0.14884137359234728, 0.441783767593244, 0.2651181415960123, 0.8957373083916159], "found_embedding": [0.14746572950227504, 0.5349512115683998, 0.2651181415960123, 0.9426551099643908], "true_embedding": [-0.5, 0.5, 0.0, 1.0], "loss": 0.0009527321991911443, "maxiter": 1000}