{"initial_embedding": [0.42292886415777364, 0.6567395615668825, 0.30911807417081727, 0.024773722887307614], "found_embedding": [0.41964198033136313, 0.746076098473742, 0.30911807417081727, 0.6771943278467049], "true_embedding": [-0.5, 0.5, 0.0, 1.0], "loss": 0.0011690020301865893, "maxiter": 1000}