{
  "initial_embedding": [
    0.5827435114538566,
    0.32230346891063055,
    0.4149886316516166,
    0.49422372100756906
  ],
  "found_embedding": [
    -51.419185522624524,
    110.00138380445642,
    0.4149886316504088,
    10.70450120723177
  ],
  "true_embedding": [
    -0.5,
    0.5,
    0.0,
    1.0
  ],
  "loss": 0.6884515506882269,
  "true_loss": 0.0,
  "maxiter": 100,
  "opt_state": {
    "iter_num": 2
  },
  "keys": {
    "system": "SHM",
    "family": "power_series_with_prefactor",
    "loss_fn": "q_only"
  }
}