{
  "initial_embedding": [
    0.6536906891156781,
    0.3672245830198704,
    0.2815580458575775,
    0.7149055359965214
  ],
  "found_embedding": [
    -24.746284402999734,
    53.17667130092503,
    0.2815580458569836,
    4.6163997792085825
  ],
  "true_embedding": [
    -0.5,
    0.5,
    0.0,
    1.0
  ],
  "loss": 0.6883905406524169,
  "true_loss": 0.0,
  "maxiter": 100,
  "opt_state": {
    "iter_num": 2
  },
  "keys": {
    "system": "SHM",
    "family": "power_series_with_prefactor",
    "loss_fn": "q_only"
  }
}