{
  "initial_embedding": [
    0.7757956000563061,
    0.84051042872528,
    0.9652821672637764,
    0.30181760691715376
  ],
  "found_embedding": [
    -3.80337719625328,
    1.7729534691869362,
    0.9652821672636719,
    -4.220139149688847
  ],
  "true_embedding": [
    -0.5,
    0.5,
    0.0,
    1.0
  ],
  "loss": 0.6826410522608068,
  "true_loss": 0.0,
  "maxiter": 100,
  "opt_state": {
    "iter_num": 49
  },
  "keys": {
    "system": "SHM",
    "family": "power_series_with_prefactor",
    "loss_fn": "q_only"
  }
}