{
  "initial_embedding": [
    0.7184044541149773,
    0.3774968335165202,
    0.8021030478092751,
    0.2504634322094814
  ],
  "found_embedding": [
    -99.20435922258054,
    221.3057191946186,
    0.8021030478069521,
    46.62348395860178
  ],
  "true_embedding": [
    -0.5,
    0.5,
    0.0,
    1.0
  ],
  "loss": 0.688471114465926,
  "true_loss": 0.0,
  "maxiter": 100,
  "opt_state": {
    "iter_num": 2
  },
  "keys": {
    "system": "SHM",
    "family": "power_series_with_prefactor",
    "loss_fn": "q_only"
  }
}