{
  "initial_embedding": [
    0.9914193436270632,
    0.9062248272685323,
    0.7366152577498873,
    0.610567592024457
  ],
  "found_embedding": [
    5.179581655427443e+20,
    -1.8489066797729906e+22,
    12030343.999895437,
    -7.874402659261921e+18
  ],
  "true_embedding": [
    -0.5,
    0.5,
    0.0,
    1.0
  ],
  "loss": 0.6884710374679942,
  "true_loss": 0.0,
  "maxiter": 100,
  "opt_state": {
    "iter_num": 100
  },
  "keys": {
    "system": "SHM",
    "family": "power_series_with_prefactor",
    "loss_fn": "q_only"
  }
}