{
  "initial_embedding": [
    0.7184090175174386,
    0.5951511832209683,
    0.04803715301284195,
    0.22443135602445807
  ],
  "found_embedding": [
    -6.971627712960337,
    3.2002256749351394,
    0.04803715301266346,
    -18.581212309985556
  ],
  "true_embedding": [
    -0.5,
    0.5,
    0.0,
    1.0
  ],
  "loss": 0.6876650490382825,
  "true_loss": 0.0,
  "maxiter": 100,
  "opt_state": {
    "iter_num": 36
  },
  "keys": {
    "system": "SHM",
    "family": "power_series_with_prefactor",
    "loss_fn": "q_only"
  }
}