{
  "initial_embedding": [
    0.17558809807120057,
    0.690205255171088,
    0.6027310716351529,
    0.5217171086747461
  ],
  "found_embedding": [
    -0.8277352097705498,
    0.827735361087109,
    0.602731071635121,
    0.604061899437269
  ],
  "true_embedding": [
    -0.5,
    0.5,
    0.0,
    1.0
  ],
  "loss": 4.6195199554104485e-06,
  "true_loss": 0.0,
  "maxiter": 100,
  "opt_state": {
    "iter_num": 82
  },
  "keys": {
    "system": "SHM",
    "family": "power_series_with_prefactor",
    "loss_fn": "q_only"
  }
}