{
  "initial_embedding": [
    0.6697653655229823,
    0.612516001740719,
    0.3492569785606875,
    0.02098656741634497
  ],
  "found_embedding": [
    -29.737546360573766,
    41.24458623369927,
    0.3492569785599761,
    215.49352471856153
  ],
  "true_embedding": [
    -0.5,
    0.5,
    0.0,
    1.0
  ],
  "loss": 0.6884388328198774,
  "true_loss": 0.0,
  "maxiter": 100,
  "opt_state": {
    "iter_num": 2
  },
  "keys": {
    "system": "SHM",
    "family": "power_series_with_prefactor",
    "loss_fn": "q_only"
  }
}