{"initial_embedding": [0.5044006199720645, 0.596412909671326, 0.600102722916288, 0.6751936357211683], "found_embedding": [-1511.8493923459612, 1627.0589707356871, 0.600102722881347, 307.56652796193623], "true_embedding": [-0.5, 0.5, 0.0, 1.0], "loss": 3013.442976538993, "maxiter": 1000}