{"initial_embedding": [0.24389529973558122, 0.7212576285235895, 0.5392791531331582, 0.47607666011994876], "found_embedding": [-49.62804529164572, 200.20548220230745, 0.5392791531319958, -191.70688505221594], "true_embedding": [-0.5, 0.5, 0.0, 1.0], "loss": 3013.4056541523596, "maxiter": 1000}