{"initial_embedding": [0.176704614888766, 0.3392157919932145, 0.8577679738376415, 0.8820201994472481], "found_embedding": [-917.5787294864311, 655.0586268254887, 0.8577679738162577, 68.81645415943714], "true_embedding": [-0.5, 0.5, 0.0, 1.0], "loss": 3013.4369081349914, "maxiter": 1000}