{"initial_embedding": [0.3765832808290389, 0.426912175471853, 0.8974006539390639, 0.8824223202281818], "found_embedding": [-2600.0607702739753, 2901.4053110653717, 0.8974006538785398, 294.5986658163455], "true_embedding": [-0.5, 0.5, 0.0, 1.0], "loss": 3013.4442670177536, "maxiter": 1000}