{"initial_embedding": [0.05536975972931779, 0.09512322340861545, 0.3879521465748671, 0.2289858162294025], "found_embedding": [-59039.070695962095, 46181.44682795324, 0.38795214520005217, 4908.5540041065515], "true_embedding": [-0.5, 0.5, 0.0, 1.0], "loss": 3013.446014155283, "maxiter": 1000}