{"initial_embedding": [0.7397945357327826, 0.2477137203960199, 0.05213413631315478, 0.995967367708063], "found_embedding": [-3563128.2001973386, 12020869.97470583, 0.05213405326537457, 343135.7749091854], "true_embedding": [-0.5, 0.5, 0.0, 1.0], "loss": 3013.446017810825, "maxiter": 1000}