{"initial_embedding": [0.22876270797093634, 0.05271868369615551, 0.7031792105752621, 0.47858712082511723], "found_embedding": [-3412972436.4373813, 16370402690.297821, 0.7030998246390019, 171891931.92447904], "true_embedding": [-0.5, 0.5, 0.0, 1.0], "loss": 3013.446017810433, "maxiter": 1000}