{"initial_embedding": [0.26216856427126467, 0.3844867106974237, 0.4712072207380269, 0.35973277713668605], "found_embedding": [-3525.4838412371932, 3151.642469678687, 0.4712072206558171, 798.9443080891399], "true_embedding": [-0.5, 0.5, 0.0, 1.0], "loss": 3013.4454985901816, "maxiter": 1000}