{"initial_embedding": [0.33067164306284014, 0.5773677396196919, 0.3408644843925239, 0.8232963141134085], "found_embedding": [-427.417087815916, 330.6723906795066, 0.34086448438259853, 60.51281746625853], "true_embedding": [-0.5, 0.5, 0.0, 1.0], "loss": 3013.407009447603, "maxiter": 1000}