{"initial_embedding": [0.6894898002380346, 0.8144031332016637, 0.9145507663559104, 0.46682826928033105], "found_embedding": [-1176.5305856336474, 1268.0210869476357, 0.9145507663285172, 472.45165344942586], "true_embedding": [-0.5, 0.5, 0.0, 1.0], "loss": 3013.4434783598304, "maxiter": 1000}