{
  "initial_embedding": [
    0.09661757527525772,
    0.6046977601630554,
    0.3722386876333954,
    0.9026960579293608
  ],
  "found_embedding": [
    -0.6030612532789467,
    0.6030737713949242,
    0.36359818334353294,
    0.8289582035540557
  ],
  "true_embedding": [
    -0.5,
    0.5,
    0.0,
    1.0
  ],
  "loss": 1.2491491826242007,
  "maxiter": 100,
  "opt_state": {
    "iter_num": 38
  }
}