{
  "initial_embedding": [
    0.06863053292930055,
    0.04690329043646757,
    0.08029952332539103,
    0.27714307387737913
  ],
  "found_embedding": [
    1.5149444086479158,
    -8.48304601395945,
    -4.472994862503018e-05,
    6.59029375709194
  ],
  "true_embedding": [
    -0.5,
    0.5,
    0.0,
    1.0
  ],
  "loss": 42.8990600673973,
  "maxiter": 100,
  "opt_state": {
    "iter_num": 100
  }
}