{
  "initial_embedding": [
    0.25707323479083966,
    0.48287985888071927,
    0.05031268386928822,
    0.5355822269959383
  ],
  "found_embedding": [
    -1.04808482070866,
    1.0480822030939376,
    0.04878230838971749,
    0.47705820474220817
  ],
  "true_embedding": [
    -0.5,
    0.5,
    0.0,
    1.0
  ],
  "loss": 1.5581127202253646,
  "maxiter": 100,
  "opt_state": {
    "iter_num": 28
  }
}