{
  "initial_embedding": [
    0.7073732821100769,
    0.6407747964077639,
    0.900042536368121,
    0.34769894683297964
  ],
  "found_embedding": [
    14102491.618524533,
    -53474284.150903136,
    -0.013311255594313717,
    -915208.660177247
  ],
  "true_embedding": [
    -0.5,
    0.5,
    0.0,
    1.0
  ],
  "loss": 55310220.46298106,
  "maxiter": 100,
  "opt_state": {
    "iter_num": 100
  }
}