{
  "initial_embedding": [
    0.368170695846489,
    0.511042240780417,
    0.05175642990057572,
    0.7879798883841255
  ],
  "found_embedding": [
    -1.0491033807879646,
    1.0491014895143171,
    0.04368116009356261,
    0.4765889770177714
  ],
  "true_embedding": [
    -0.5,
    0.5,
    0.0,
    1.0
  ],
  "loss": 1.559543224660685,
  "maxiter": 100,
  "opt_state": {
    "iter_num": 43
  }
}