{
  "initial_embedding": [
    0.34241818813646396,
    0.7917714375047255,
    0.48208053953791463,
    0.5531674684349407
  ],
  "found_embedding": [
    -0.9167042248062709,
    0.9167517866689308,
    0.45301289963671015,
    0.5454351775850814
  ],
  "true_embedding": [
    -0.5,
    0.5,
    0.0,
    1.0
  ],
  "loss": 1.4807509382840174,
  "maxiter": 100,
  "opt_state": {
    "iter_num": 31
  }
}