{
  "initial_embedding": [
    0.63440893093509,
    0.052803621308487925,
    0.2248482413498516,
    0.31638137116248644
  ],
  "found_embedding": [
    -433519715120.19617,
    5534170073801.051,
    0.21477014480636855,
    54350361279.42656
  ],
  "true_embedding": [
    -0.5,
    0.5,
    0.0,
    1.0
  ],
  "loss": 5551390070178.831,
  "maxiter": 100,
  "opt_state": {
    "iter_num": 2
  }
}