{
  "initial_embedding": [
    0.0289632427611779,
    0.8631702594936316,
    0.23621788940816935,
    0.043391755282505384
  ],
  "found_embedding": [
    -0.4470162682195211,
    0.44704205884860765,
    0.21292264745202247,
    1.1177122367457886
  ],
  "true_embedding": [
    -0.5,
    0.5,
    0.0,
    1.0
  ],
  "loss": 1.3244745332610703,
  "maxiter": 100,
  "opt_state": {
    "iter_num": 83
  }
}