{
  "initial_embedding": [
    0.9247000380281359,
    0.1834221720801672,
    0.38330779315098684,
    0.8326167470003292
  ],
  "found_embedding": [
    0.03602486001893607,
    -2.5514840113624855,
    -3.275738321560818e-07,
    -0.9260777861430836
  ],
  "true_embedding": [
    -0.5,
    0.5,
    0.0,
    1.0
  ],
  "loss": 45.512032818012756,
  "maxiter": 100,
  "opt_state": {
    "iter_num": 100
  }
}