{
  "initial_embedding": [
    0.8909127334370688,
    0.16842642161341503,
    0.803510353273477,
    0.10471494677779658
  ],
  "found_embedding": [
    -10.06262108749704,
    66.95263600984042,
    1.892680382656646e-06,
    -0.404452852443293
  ],
  "true_embedding": [
    -0.5,
    0.5,
    0.0,
    1.0
  ],
  "loss": 99.75489903783827,
  "maxiter": 100,
  "opt_state": {
    "iter_num": 100
  }
}