{
  "initial_embedding": [
    0.292956733162246,
    0.6596981782309073,
    0.42040167261111483,
    0.4893363250903535
  ],
  "found_embedding": [
    -1.0459730207355529,
    1.0459733584952537,
    0.394511275445262,
    0.47800879593012846
  ],
  "true_embedding": [
    -0.5,
    0.5,
    0.0,
    1.0
  ],
  "loss": 1.6048255051781952,
  "maxiter": 100,
  "opt_state": {
    "iter_num": 46
  }
}