{
  "initial_embedding": [
    0.06983066702388341,
    0.8357427387668332,
    0.6205958428504603,
    0.026762978591536757
  ],
  "found_embedding": [
    1.2149102284862818,
    -0.48598559544593206,
    -0.07708588497960774,
    1.968473555001173
  ],
  "true_embedding": [
    -0.5,
    0.5,
    0.0,
    1.0
  ],
  "loss": 35.431848069488176,
  "maxiter": 100,
  "opt_state": {
    "iter_num": 100
  }
}