{
  "initial_embedding": [
    0.9171517315279542,
    0.757130608489228,
    0.9085119702554995,
    0.12034963088788153
  ],
  "found_embedding": [
    -1.5495609196592532,
    8.972833624621716,
    -3.026019520097552e-07,
    2.1733622087456848
  ],
  "true_embedding": [
    -0.5,
    0.5,
    0.0,
    1.0
  ],
  "loss": 41.44945084052805,
  "maxiter": 100,
  "opt_state": {
    "iter_num": 100
  }
}