{
  "initial_embedding": [
    0.8909731115658338,
    0.565405064436437,
    0.5755524379438925,
    0.4238807786717983
  ],
  "found_embedding": [
    -27024009.18332159,
    391800274.09167176,
    -0.08484335111625886,
    775447.2087218415
  ],
  "true_embedding": [
    -0.5,
    0.5,
    0.0,
    1.0
  ],
  "loss": 392731942.0975943,
  "maxiter": 100,
  "opt_state": {
    "iter_num": 100
  }
}