{
  "initial_embedding": [
    0.8844400110689736,
    0.16044481655119935,
    0.3630127029647502,
    0.9046523217700787
  ],
  "found_embedding": [
    5.679198848484957,
    -59.15453770093553,
    -3.5378674259720444e-06,
    7.190215230142462
  ],
  "true_embedding": [
    -0.5,
    0.5,
    0.0,
    1.0
  ],
  "loss": 91.9128887049685,
  "maxiter": 100,
  "opt_state": {
    "iter_num": 100
  }
}