{
  "initial_embedding": [
    0.5470656444845339,
    0.663878370103579,
    0.49664822915271256,
    0.4253624161119186
  ],
  "found_embedding": [
    -1.5229970973507827,
    0.37908268381553695,
    -0.050095544124406366,
    -1.6611518999199908
  ],
  "true_embedding": [
    -0.5,
    0.5,
    0.0,
    1.0
  ],
  "loss": 34.90257197497189,
  "maxiter": 100,
  "opt_state": {
    "iter_num": 100
  }
}