{
  "initial_embedding": [
    0.9010282961581066,
    0.1214313404604469,
    0.09455496298777977,
    0.7887006615849305
  ],
  "found_embedding": [
    5.042901083671134,
    -12.933365073531869,
    -3.171335185614148e-09,
    -10.145660570581686
  ],
  "true_embedding": [
    -0.5,
    0.5,
    0.0,
    1.0
  ],
  "loss": 49.198937916460224,
  "maxiter": 100,
  "opt_state": {
    "iter_num": 100
  }
}