{
  "initial_embedding": [
    0.15583654672899916,
    0.9357679587323521,
    0.8815422864819287,
    0.895179108526582
  ],
  "found_embedding": [
    -0.8153032878666621,
    0.8153027775111156,
    0.8232330705324188,
    0.6132460648123984
  ],
  "true_embedding": [
    -0.5,
    0.5,
    0.0,
    1.0
  ],
  "loss": 1.5449624016261496,
  "maxiter": 100,
  "opt_state": {
    "iter_num": 30
  }
}