{
  "initial_embedding": [
    0.6046671424271296,
    0.5159638269746277,
    0.6269059249801403,
    0.06937536223845964
  ],
  "found_embedding": [
    34.00933531133963,
    -41.918938293849195,
    -0.007464531012670357,
    9.978326119621869
  ],
  "true_embedding": [
    -0.5,
    0.5,
    0.0,
    1.0
  ],
  "loss": 86.98438913694983,
  "maxiter": 100,
  "opt_state": {
    "iter_num": 100
  }
}