{
  "initial_embedding": [
    0.41433581815597376,
    0.48817845555308625,
    0.6392930533998377,
    0.6609398867562568
  ],
  "found_embedding": [
    366159.23587200744,
    -7828883.406564159,
    5.438244823282442e-09,
    -19376.810104045362
  ],
  "true_embedding": [
    -0.5,
    0.5,
    0.0,
    1.0
  ],
  "loss": 7837497.42169424,
  "maxiter": 100,
  "opt_state": {
    "iter_num": 100
  }
}