{
  "initial_embedding": [
    0.8780136253641971,
    0.15640194815827435,
    0.22009951271739592,
    0.0710712554607934
  ],
  "found_embedding": [
    -4.1862592074238805,
    40.28938330935317,
    2.7939790999914808e-11,
    20.727279844142384
  ],
  "true_embedding": [
    -0.5,
    0.5,
    0.0,
    1.0
  ],
  "loss": 77.55137493826217,
  "maxiter": 100,
  "opt_state": {
    "iter_num": 100
  }
}