{
  "initial_embedding": [
    0.041246805292854405,
    0.7263508537344187,
    0.9868832207749986,
    0.21437202924900778
  ],
  "found_embedding": [
    -0.8676536097629581,
    0.867630587200044,
    0.9580244467613003,
    0.5762874262056097
  ],
  "true_embedding": [
    -0.5,
    0.5,
    0.0,
    1.0
  ],
  "loss": 1.6616418823211794,
  "maxiter": 100,
  "opt_state": {
    "iter_num": 36
  }
}