{
  "initial_embedding": [
    0.8649664268389535,
    0.9182855740310346,
    0.9764759516383898,
    0.2501364305171855
  ],
  "found_embedding": [
    1.4121982459333804,
    -1.6052356689211735,
    2.468919140981775e-07,
    6.630353693674305
  ],
  "true_embedding": [
    -0.5,
    0.5,
    0.0,
    1.0
  ],
  "loss": 40.57456800855061,
  "maxiter": 100,
  "opt_state": {
    "iter_num": 100
  }
}