{
  "initial_embedding": [
    0.05708613527796225,
    0.8430516974288618,
    0.15560032865838613,
    0.20440992027227844
  ],
  "found_embedding": [
    -0.8425722351735274,
    0.8425617255916297,
    0.1515463862523536,
    0.5934806824896817
  ],
  "true_embedding": [
    -0.5,
    0.5,
    0.0,
    1.0
  ],
  "loss": 1.3429300217891271,
  "maxiter": 100,
  "opt_state": {
    "iter_num": 30
  }
}