{
  "initial_embedding": [
    0.00014813247262057683,
    0.19728548977901272,
    0.5879458476140638,
    0.4469558794337537
  ],
  "found_embedding": [
    -0.7241450060138037,
    0.724126161943045,
    0.5808147846233848,
    0.6905933598953246
  ],
  "true_embedding": [
    -0.5,
    0.5,
    0.0,
    1.0
  ],
  "loss": 1.3705362127189757,
  "maxiter": 100,
  "opt_state": {
    "iter_num": 29
  }
}