{
  "initial_embedding": [
    0.6371985825695505,
    0.37667580039667514,
    0.25808571385222057,
    0.2509950924140998
  ],
  "found_embedding": [
    -74.31916443647557,
    54.57930884466376,
    0.11974717799753015,
    -14.920757490282208
  ],
  "true_embedding": [
    -0.5,
    0.5,
    0.0,
    1.0
  ],
  "loss": 125.47104496144289,
  "maxiter": 100,
  "opt_state": {
    "iter_num": 100
  }
}