{
  "initial_embedding": [
    0.4009081945811058,
    0.6904622664077417,
    0.28247586795120916,
    0.5062751949572195
  ],
  "found_embedding": [
    -1.4270803684705984,
    1.427076670348149,
    0.2556191348439479,
    0.3503708734980938
  ],
  "true_embedding": [
    -0.5,
    0.5,
    0.0,
    1.0
  ],
  "loss": 2.064734818913503,
  "maxiter": 100,
  "opt_state": {
    "iter_num": 55
  }
}