{
  "initial_embedding": [
    0.49088746880666934,
    0.0010323021536421395,
    0.6011545276862993,
    0.9708091395021988
  ],
  "found_embedding": [
    -4.711120258123235e+91,
    2.260985582593158e+94,
    -1.0633875070192593e+78,
    2.2033566269999037e+89
  ],
  "true_embedding": [
    -0.5,
    0.5,
    0.0,
    1.0
  ],
  "loss": 2.2609904908764402e+94,
  "maxiter": 100,
  "opt_state": {
    "iter_num": 2
  }
}