{
  "initial_embedding": [
    0.07377683953026837,
    0.6404144369580758,
    0.8873842078499737,
    0.20584879512302856
  ],
  "found_embedding": [
    -0.7468745885492142,
    0.7468595115472154,
    0.8726377397660352,
    0.6695058839816215
  ],
  "true_embedding": [
    -0.5,
    0.5,
    0.0,
    1.0
  ],
  "loss": 1.5273285917682107,
  "maxiter": 100,
  "opt_state": {
    "iter_num": 25
  }
}