{
  "initial_embedding": [
    0.042791638716185965,
    0.33236654300810786,
    0.24115989777625302,
    0.5851892964978962
  ],
  "found_embedding": [
    -0.585280458157552,
    0.5853004644023397,
    0.23817393865361128,
    0.8539729061720391
  ],
  "true_embedding": [
    -0.5,
    0.5,
    0.0,
    1.0
  ],
  "loss": 1.2245464476595898,
  "maxiter": 100,
  "opt_state": {
    "iter_num": 36
  }
}