{
  "initial_embedding": [
    0.9614716481411882,
    0.0813429251221568,
    0.2318633773575427,
    0.6247061927359063
  ],
  "found_embedding": [
    -71873254891.73444,
    903131777194.4471,
    0.2301714853673906,
    6978134265.178412
  ],
  "true_embedding": [
    -0.5,
    0.5,
    0.0,
    1.0
  ],
  "loss": 906014054064.8546,
  "maxiter": 100,
  "opt_state": {
    "iter_num": 2
  }
}