{
  "initial_embedding": [
    0.8917587430560292,
    0.3944731546017708,
    0.31603958471703697,
    0.3616188615736686
  ],
  "found_embedding": [
    16.92659619381074,
    -17.32755713204774,
    -0.000770463727334297,
    -23.22868462921164
  ],
  "true_embedding": [
    -0.5,
    0.5,
    0.0,
    1.0
  ],
  "loss": 65.57129850171975,
  "maxiter": 100,
  "opt_state": {
    "iter_num": 100
  }
}