{
  "initial_embedding": [
    0.7541030274928293,
    0.03513844344767414,
    0.018519586963051116,
    0.41186721528771697
  ],
  "found_embedding": [
    -3.1278032267317e+16,
    7.019385516168818e+17,
    -726.1064810700888,
    2617759396500476.5
  ],
  "true_embedding": [
    -0.5,
    0.5,
    0.0,
    1.0
  ],
  "loss": 7.026399492007121e+17,
  "maxiter": 100,
  "opt_state": {
    "iter_num": 2
  }
}