{
  "initial_embedding": [
    0.6912735636918842,
    0.9014451005817644,
    0.6260287265974847,
    0.09159679804854048
  ],
  "found_embedding": [
    13.736624118462888,
    -14.07353537363548,
    0.030330537438595317,
    -18.405383489363118
  ],
  "true_embedding": [
    -0.5,
    0.5,
    0.0,
    1.0
  ],
  "loss": 58.92365366370163,
  "maxiter": 100,
  "opt_state": {
    "iter_num": 100
  }
}