{
  "initial_embedding": [
    0.5338415818162406,
    0.41203891797622716,
    0.1486096798172687,
    0.41078684199311344
  ],
  "found_embedding": [
    -600785.34518041,
    10619705.677495137,
    3.339765614775666e-05,
    37.81713729849565
  ],
  "true_embedding": [
    -0.5,
    0.5,
    0.0,
    1.0
  ],
  "loss": 10636718.175176427,
  "maxiter": 100,
  "opt_state": {
    "iter_num": 100
  }
}