{
  "initial_embedding": [
    0.3090654187164472,
    0.4103403017310733,
    0.8097587204485952,
    0.9604746743406415
  ],
  "found_embedding": [
    -1.6218959473255217,
    0.6535941153043415,
    0.7149855244494253,
    -1.6256593576838483
  ],
  "true_embedding": [
    -0.5,
    0.5,
    0.0,
    1.0
  ],
  "loss": 35.38260539256366,
  "maxiter": 100,
  "opt_state": {
    "iter_num": 100
  }
}