{
  "initial_embedding": [
    0.7357122330567099,
    0.9992210213457734,
    0.48032482508666163,
    0.15811959660028474
  ],
  "found_embedding": [
    -0.4193385175818065,
    0.41931877433629383,
    0.05240223364546915,
    1.19276593415063
  ],
  "true_embedding": [
    -0.5,
    0.5,
    0.0,
    1.0
  ],
  "loss": 1.3438794649808183,
  "maxiter": 100,
  "opt_state": {
    "iter_num": 82
  }
}