{
  "initial_embedding": [
    0.3157162106282049,
    0.6835464030730146,
    0.5051596010760881,
    0.7338550227559293
  ],
  "found_embedding": [
    -0.9518320070568871,
    0.9518288186628416,
    0.4731462419015211,
    0.5253069777664796
  ],
  "true_embedding": [
    -0.5,
    0.5,
    0.0,
    1.0
  ],
  "loss": 1.5207407024526443,
  "maxiter": 100,
  "opt_state": {
    "iter_num": 45
  }
}