{
  "initial_embedding": [
    0.021635029280470675,
    0.9718949248788605,
    0.9558065562542758,
    0.16776797679648836
  ],
  "found_embedding": [
    -1.0834959718627095,
    1.083506250426914,
    0.9146155217115265,
    0.46146445814368603
  ],
  "true_embedding": [
    -0.5,
    0.5,
    0.0,
    1.0
  ],
  "loss": 1.8437566045885931,
  "maxiter": 100,
  "opt_state": {
    "iter_num": 40
  }
}