{
  "initial_embedding": [
    0.6460691727580408,
    0.5316772090965017,
    0.182838548382263,
    0.7702786628342718
  ],
  "found_embedding": [
    23.593668109379283,
    -29.222878553421076,
    -0.14611205916635372,
    2.69807916876125
  ],
  "true_embedding": [
    -0.5,
    0.5,
    0.0,
    1.0
  ],
  "loss": 69.91385252830831,
  "maxiter": 100,
  "opt_state": {
    "iter_num": 100
  }
}