{
  "initial_embedding": [
    0.4314849706122468,
    0.5745848480358364,
    0.21795899668933072,
    0.3826128100535505
  ],
  "found_embedding": [
    -1.6412911301752977,
    0.6542474165834001,
    0.04852550545704519,
    -1.714980180985948
  ],
  "true_embedding": [
    -0.5,
    0.5,
    0.0,
    1.0
  ],
  "loss": 35.2494455270866,
  "maxiter": 100,
  "opt_state": {
    "iter_num": 100
  }
}