{
  "initial_embedding": [
    0.3727293911067573,
    0.409969900232255,
    0.2908852387881624,
    0.4133232111518992
  ],
  "found_embedding": [
    54083141.28717375,
    -1038309631.7241745,
    1.108115457758917e-06,
    -3656280.597955674
  ],
  "true_embedding": [
    -0.5,
    0.5,
    0.0,
    1.0
  ],
  "loss": 1039723671.2407713,
  "maxiter": 100,
  "opt_state": {
    "iter_num": 100
  }
}