{
  "initial_embedding": [
    0.28098446777065234,
    0.6950634388008171,
    0.048162257617815896,
    0.8590318296081759
  ],
  "found_embedding": [
    -0.7420804195226558,
    0.7420820143904302,
    0.04539866502429188,
    0.6739341662487414
  ],
  "true_embedding": [
    -0.5,
    0.5,
    0.0,
    1.0
  ],
  "loss": 1.25534354529099,
  "maxiter": 100,
  "opt_state": {
    "iter_num": 42
  }
}