{
  "initial_embedding": [
    0.6946851888668235,
    0.8463741510965547,
    0.18895412506437936,
    0.03257006377088634
  ],
  "found_embedding": [
    -248.73271476560484,
    4699.993041575617,
    4.362203830202132e-11,
    20.794785680587566
  ],
  "true_embedding": [
    -0.5,
    0.5,
    0.0,
    1.0
  ],
  "loss": 4738.666830111494,
  "maxiter": 100,
  "opt_state": {
    "iter_num": 100
  }
}