{
  "initial_embedding": [
    0.02092929841260116,
    0.7257038008076836,
    0.8174960477368337,
    0.37800377425498133
  ],
  "found_embedding": [
    -0.8192050920680949,
    0.8192491891242989,
    0.796604778290205,
    0.610282345110761
  ],
  "true_embedding": [
    -0.5,
    0.5,
    0.0,
    1.0
  ],
  "loss": 1.5368576967697376,
  "maxiter": 100,
  "opt_state": {
    "iter_num": 32
  }
}