{
  "initial_embedding": [
    0.3364532838421982,
    0.7013851710164573,
    0.8467781083859302,
    0.12236646630233061
  ],
  "found_embedding": [
    -0.7395310197986096,
    0.7395125337569386,
    0.5321905033406198,
    0.6759308052776929
  ],
  "true_embedding": [
    -0.5,
    0.5,
    0.0,
    1.0
  ],
  "loss": 1.3629643911280551,
  "maxiter": 100,
  "opt_state": {
    "iter_num": 64
  }
}