{
  "initial_embedding": [
    0.36968183783535313,
    0.07169568485481204,
    0.979100001807635,
    0.8258066847586278
  ],
  "found_embedding": [
    -0.6509691088044077,
    3.142920661798274,
    1.3640132533597868e-07,
    -1.9131025595378923
  ],
  "true_embedding": [
    -0.5,
    0.5,
    0.0,
    1.0
  ],
  "loss": 36.066558347257434,
  "maxiter": 100,
  "opt_state": {
    "iter_num": 100
  }
}