{
  "initial_embedding": [
    0.28346321206613534,
    0.6504362676779064,
    0.22716555344808997,
    0.6946255024601325
  ],
  "found_embedding": [
    -0.7670150255792679,
    0.767008290310784,
    0.21501575856394742,
    0.6519773883708397
  ],
  "true_embedding": [
    -0.5,
    0.5,
    0.0,
    1.0
  ],
  "loss": 1.2885164767120996,
  "maxiter": 100,
  "opt_state": {
    "iter_num": 34
  }
}