{
  "initial_embedding": [
    0.31049289941478075,
    0.8606054805591248,
    0.7032655929193383,
    0.21159879251782898
  ],
  "found_embedding": [
    -1.1397320361528047,
    1.1397155378878052,
    0.6554522930330667,
    0.43871915226218827
  ],
  "true_embedding": [
    -0.5,
    0.5,
    0.0,
    1.0
  ],
  "loss": 1.7959471172603276,
  "maxiter": 100,
  "opt_state": {
    "iter_num": 49
  }
}