{
  "initial_embedding": [
    0.4066460524389901,
    0.2085281939217729,
    0.07164404261098223,
    0.9535934657056256
  ],
  "found_embedding": [
    -65.49597740541299,
    110.7927539897822,
    -0.0010841920861560197,
    17.569512855425682
  ],
  "true_embedding": [
    -0.5,
    0.5,
    0.0,
    1.0
  ],
  "loss": 161.94198685882313,
  "maxiter": 100,
  "opt_state": {
    "iter_num": 100
  }
}