{
  "initial_embedding": [
    0.3444335581464971,
    0.9044123342217203,
    0.4842111012807192,
    0.4186272583150592
  ],
  "found_embedding": [
    -0.9644214487717653,
    0.9644475067326705,
    0.46146737193397175,
    0.5184400762121393
  ],
  "true_embedding": [
    -0.5,
    0.5,
    0.0,
    1.0
  ],
  "loss": 1.5318196585301087,
  "maxiter": 100,
  "opt_state": {
    "iter_num": 33
  }
}