{
  "initial_embedding": [
    0.9769479059402648,
    0.3028616799675371,
    0.381610602926555,
    0.8959280903471827
  ],
  "found_embedding": [
    0.9905145561282802,
    -7.255972771706546,
    1.858495517969738e-08,
    -6.905842569099425
  ],
  "true_embedding": [
    -0.5,
    0.5,
    0.0,
    1.0
  ],
  "loss": 42.11753574839705,
  "maxiter": 100,
  "opt_state": {
    "iter_num": 100
  }
}