{
  "initial_embedding": [
    0.916210953294997,
    0.1365470315357996,
    0.5483698050341511,
    0.7424925127371432
  ],
  "found_embedding": [
    -2.5386187453490416,
    19.615980819856556,
    1.349253539103408e-07,
    0.77240668846409
  ],
  "true_embedding": [
    -0.5,
    0.5,
    0.0,
    1.0
  ],
  "loss": 51.932494879512106,
  "maxiter": 100,
  "opt_state": {
    "iter_num": 100
  }
}