{
  "initial_embedding": [
    0.1737110660019886,
    0.06494823801963256,
    0.5728972109175192,
    0.5399471486708445
  ],
  "found_embedding": [
    -0.5155218048734708,
    -4.068183234477543,
    -3.389478458410214e-05,
    -4.446579881085411
  ],
  "true_embedding": [
    -0.5,
    0.5,
    0.0,
    1.0
  ],
  "loss": 37.99780217020885,
  "maxiter": 100,
  "opt_state": {
    "iter_num": 100
  }
}