{
  "initial_embedding": [
    0.18634309171156216,
    0.4574107366140251,
    0.6743998413460726,
    0.8509384279302366
  ],
  "found_embedding": [
    -0.604304399546736,
    0.6042869391083714,
    0.6628191567222035,
    0.8274131395943465
  ],
  "true_embedding": [
    -0.5,
    0.5,
    0.0,
    1.0
  ],
  "loss": 1.363263845623133,
  "maxiter": 100,
  "opt_state": {
    "iter_num": 42
  }
}