{
  "initial_embedding": [
    0.7761687432239925,
    0.9370966155758579,
    0.9050338037590969,
    0.4700813229235348
  ],
  "found_embedding": [
    -1.0999000712122702,
    0.2679291076427482,
    0.4791345463469807,
    -3.141402462076539
  ],
  "true_embedding": [
    -0.5,
    0.5,
    0.0,
    1.0
  ],
  "loss": 35.83645662089926,
  "maxiter": 100,
  "opt_state": {
    "iter_num": 100
  }
}