{
  "initial_embedding": [
    0.30822170563996376,
    0.050007415800637056,
    0.3194198799677258,
    0.4867038234234736
  ],
  "found_embedding": [
    0.8471607752292514,
    -2.9010317770949747,
    -2.011368842392037e-09,
    1.7354783965427198
  ],
  "true_embedding": [
    -0.5,
    0.5,
    0.0,
    1.0
  ],
  "loss": 36.27520151666595,
  "maxiter": 100,
  "opt_state": {
    "iter_num": 100
  }
}