{
  "initial_embedding": [
    0.7613716333808527,
    0.09361071310359848,
    0.2722762032453919,
    0.9502287201441864
  ],
  "found_embedding": [
    6.438208281596034,
    -98.29974115482177,
    -1.572133719320127e-08,
    10.721322869735861
  ],
  "true_embedding": [
    -0.5,
    0.5,
    0.0,
    1.0
  ],
  "loss": 131.14495832237384,
  "maxiter": 100,
  "opt_state": {
    "iter_num": 100
  }
}