{
  "initial_embedding": [
    0.4762304087062803,
    0.3652616294413249,
    0.7311060860531653,
    0.6314675162561729
  ],
  "found_embedding": [
    -57.1757639502689,
    77.57300165720639,
    1.5514556250652487,
    -1.1155788087085108
  ],
  "true_embedding": [
    -0.5,
    0.5,
    0.0,
    1.0
  ],
  "loss": 128.61866569123188,
  "maxiter": 100,
  "opt_state": {
    "iter_num": 100
  }
}