{
  "initial_embedding": [
    0.901134333949576,
    0.666339847944679,
    0.17580406513088698,
    0.8878410074789499
  ],
  "found_embedding": [
    1.6097621364204352e+17,
    -4.893737189248526e+18,
    3754.638108105437,
    -5293285072842922.0
  ],
  "true_embedding": [
    -0.5,
    0.5,
    0.0,
    1.0
  ],
  "loss": 4.896386937085288e+18,
  "maxiter": 100,
  "opt_state": {
    "iter_num": 100
  }
}