{
  "initial_embedding": [
    0.44244115480428237,
    0.9222579320129923,
    0.269055933860636,
    0.4625873914991361
  ],
  "found_embedding": [
    -1.4293705803263053,
    1.4294319320359126,
    0.24343290202145473,
    0.3497920651901829
  ],
  "true_embedding": [
    -0.5,
    0.5,
    0.0,
    1.0
  ],
  "loss": 2.068230833164561,
  "maxiter": 100,
  "opt_state": {
    "iter_num": 55
  }
}