{
  "initial_embedding": [
    0.1290784699607841,
    0.8076842620010681,
    0.38142736092986074,
    0.22481913565310008
  ],
  "found_embedding": [
    -0.9726209703367249,
    0.9726167692862382,
    0.36322015001787294,
    0.5140441321526864
  ],
  "true_embedding": [
    -0.5,
    0.5,
    0.0,
    1.0
  ],
  "loss": 1.5146640705261287,
  "maxiter": 100,
  "opt_state": {
    "iter_num": 41
  }
}