{
  "initial_embedding": [
    0.3905556434904205,
    0.4530462103269355,
    0.7008371989764067,
    0.9904049174756321
  ],
  "found_embedding": [
    -1.1144346428831307,
    0.2781373402309142,
    -0.06144354262778912,
    -1.9682630702057742
  ],
  "true_embedding": [
    -0.5,
    0.5,
    0.0,
    1.0
  ],
  "loss": 34.98393062425799,
  "maxiter": 100,
  "opt_state": {
    "iter_num": 100
  }
}