{
  "initial_embedding": [
    0.22605768859226483,
    0.06316680866593771,
    0.11588175137548729,
    0.2101266224209768
  ],
  "found_embedding": [
    69.63778226979927,
    -526.0565772430147,
    -3.5713721361372174e-09,
    -55.233215244791225
  ],
  "true_embedding": [
    -0.5,
    0.5,
    0.0,
    1.0
  ],
  "loss": 565.5633307642336,
  "maxiter": 100,
  "opt_state": {
    "iter_num": 100
  }
}