{
  "initial_embedding": [
    0.7482171046142578,
    0.23977694177355324,
    0.011522718120165365,
    0.8026349197793949
  ],
  "found_embedding": [
    1.061898290712607,
    4.838846297910381,
    -2.4204972264071994e-05,
    14.359585174914855
  ],
  "true_embedding": [
    -0.5,
    0.5,
    0.0,
    1.0
  ],
  "loss": 46.65702923882605,
  "maxiter": 100,
  "opt_state": {
    "iter_num": 100
  }
}