{
  "initial_embedding": [
    0.5344257205464543,
    0.6276668842288018,
    0.06829000663351648,
    0.8946208956310819
  ],
  "found_embedding": [
    8.348013919154484,
    -8.612505565118724,
    -0.026088845180499753,
    2.5216944293071704
  ],
  "true_embedding": [
    -0.5,
    0.5,
    0.0,
    1.0
  ],
  "loss": 45.05569620082953,
  "maxiter": 100,
  "opt_state": {
    "iter_num": 100
  }
}