{
  "initial_embedding": [
    0.43046575600075965,
    0.7617536476212223,
    0.7402723481174338,
    0.6311189510768805
  ],
  "found_embedding": [
    -1.0248464197382996,
    1.0248217117785678,
    0.6957846813680906,
    0.4879008641120061
  ],
  "true_embedding": [
    -0.5,
    0.5,
    0.0,
    1.0
  ],
  "loss": 1.68191778992449,
  "maxiter": 100,
  "opt_state": {
    "iter_num": 43
  }
}