{
  "initial_embedding": [
    0.2780090452559373,
    0.5592748234874282,
    0.9129601301797523,
    0.8695768706063616
  ],
  "found_embedding": [
    -0.735590839859405,
    0.7355737613629117,
    0.8697544634092309,
    0.6797375229987348
  ],
  "true_embedding": [
    -0.5,
    0.5,
    0.0,
    1.0
  ],
  "loss": 1.5180432756030038,
  "maxiter": 100,
  "opt_state": {
    "iter_num": 46
  }
}