{
  "initial_embedding": [
    0.01178386438012835,
    0.23176867831200787,
    0.08152628793327432,
    0.9813900600186806
  ],
  "found_embedding": [
    -0.4598380546046529,
    0.45979800446128427,
    0.08111120303854703,
    1.0870770170152704
  ],
  "true_embedding": [
    -0.5,
    0.5,
    0.0,
    1.0
  ],
  "loss": 1.2799471284952777,
  "maxiter": 100,
  "opt_state": {
    "iter_num": 31
  }
}