{
  "initial_embedding": [
    0.4005306946923237,
    0.8915459627053844,
    0.4996359360563186,
    0.22715937878417292
  ],
  "found_embedding": [
    -1.1785663012037162,
    1.1785669901827247,
    0.45785973679336356,
    0.42424127404113404
  ],
  "true_embedding": [
    -0.5,
    0.5,
    0.0,
    1.0
  ],
  "loss": 1.780011560519215,
  "maxiter": 100,
  "opt_state": {
    "iter_num": 40
  }
}