{
  "initial_embedding": [
    0.6206221280564372,
    0.5761010566179328,
    0.6230326623568815,
    0.13508514400868332
  ],
  "found_embedding": [
    328269286.7666329,
    -1507925878.179163,
    -0.9767078677763285,
    -6632274704.397104
  ],
  "true_embedding": [
    -0.5,
    0.5,
    0.0,
    1.0
  ],
  "loss": 6809454410.582316,
  "maxiter": 100,
  "opt_state": {
    "iter_num": 100
  }
}