{
  "initial_embedding": [
    0.7374242759772801,
    0.6248134685391945,
    0.7467894100845713,
    0.3102433081348106
  ],
  "found_embedding": [
    -0.410788347024094,
    3.1411068092911965,
    0.06313912818925489,
    -1.5460463759211671
  ],
  "true_embedding": [
    -0.5,
    0.5,
    0.0,
    1.0
  ],
  "loss": 36.19221725820565,
  "maxiter": 100,
  "opt_state": {
    "iter_num": 100
  }
}