{
  "initial_embedding": [
    0.7428320314006014,
    0.8109190093318049,
    0.7140705337328302,
    0.02321233371456477
  ],
  "found_embedding": [
    -5.558414536333413,
    -9.939358745126011,
    -0.03221188847756125,
    -13.364510623525275
  ],
  "true_embedding": [
    -0.5,
    0.5,
    0.0,
    1.0
  ],
  "loss": 49.9483236095206,
  "maxiter": 100,
  "opt_state": {
    "iter_num": 100
  }
}