{
  "initial_embedding": [
    0.7349222664359353,
    0.6285079503860097,
    0.5736186716320284,
    0.8409346984378633
  ],
  "found_embedding": [
    NaN,
    NaN,
    NaN,
    NaN
  ],
  "true_embedding": [
    -0.5,
    0.5,
    0.0,
    1.0
  ],
  "loss": NaN,
  "maxiter": 100,
  "opt_state": {
    "iter_num": 21
  }
}