{
  "initial_embedding": [
    0.030656693541313618,
    0.5900682761822222,
    0.7407129688352573,
    0.5807539534002033
  ],
  "found_embedding": [
    -0.6654017025189497,
    0.6654046733902839,
    0.726177500559035,
    0.7510935820265141
  ],
  "true_embedding": [
    -0.5,
    0.5,
    0.0,
    1.0
  ],
  "loss": 1.4201694329111574,
  "maxiter": 100,
  "opt_state": {
    "iter_num": 37
  }
}