{
  "initial_embedding": [
    0.6889649087076923,
    0.29418092079255587,
    0.2252462477799706,
    0.17481534667590126
  ],
  "found_embedding": [
    753512.9342136661,
    -2519501.8734346656,
    -0.006205386790653374,
    -225464.75618992472
  ],
  "true_embedding": [
    -0.5,
    0.5,
    0.0,
    1.0
  ],
  "loss": 2639445.960822331,
  "maxiter": 100,
  "opt_state": {
    "iter_num": 100
  }
}