{
  "initial_embedding": [
    0.4410382101448529,
    0.34917193453308504,
    0.7210234879446317,
    0.1485124414211597
  ],
  "found_embedding": [
    18798.336108495292,
    -51680.93010532246,
    9.851467847242278e-06,
    -2534.6144976923542
  ],
  "true_embedding": [
    -0.5,
    0.5,
    0.0,
    1.0
  ],
  "loss": 55084.028465506686,
  "maxiter": 100,
  "opt_state": {
    "iter_num": 100
  }
}