{
  "initial_embedding": [
    0.8991795911493953,
    0.1996060173529488,
    0.4031243491744192,
    0.24423932613524602
  ],
  "found_embedding": [
    -2367923.1193581703,
    2943885.9526872467,
    4.486118694365554e-05,
    1066804.3911490503
  ],
  "true_embedding": [
    -0.5,
    0.5,
    0.0,
    1.0
  ],
  "loss": 3925792.6153782904,
  "maxiter": 100,
  "opt_state": {
    "iter_num": 100
  }
}