{
  "initial_embedding": [
    0.7789167524165213,
    0.6786211725991059,
    0.6699912009608608,
    0.23095383650920065
  ],
  "found_embedding": [
    -1393.6351612608482,
    8304.897389940354,
    -0.00451697301622999,
    293650.7885636032
  ],
  "true_embedding": [
    -0.5,
    0.5,
    0.0,
    1.0
  ],
  "loss": 293803.55920219334,
  "maxiter": 100,
  "opt_state": {
    "iter_num": 100
  }
}