{
  "initial_embedding": [
    0.13146311963198665,
    0.32788528801650607,
    0.7030033568295866,
    0.31330414579912946
  ],
  "found_embedding": [
    -1.67136013576349,
    1.6712122523810395,
    0.6691237670399608,
    0.29916855828233724
  ],
  "true_embedding": [
    -0.5,
    0.5,
    0.0,
    1.0
  ],
  "loss": 2.479366233709104,
  "maxiter": 100,
  "opt_state": {
    "iter_num": 63
  }
}