{
  "initial_embedding": [
    0.6732798272897202,
    0.35449688357085496,
    0.6908709494410683,
    0.8224596677340833
  ],
  "found_embedding": [
    34.73436771001218,
    -225.2201834217219,
    -9.133992559099742e-07,
    -3.703568848591175
  ],
  "true_embedding": [
    -0.5,
    0.5,
    0.0,
    1.0
  ],
  "loss": 259.96382066756775,
  "maxiter": 100,
  "opt_state": {
    "iter_num": 100
  }
}