{
  "initial_embedding": [
    0.305061710089373,
    0.7576670645493072,
    0.5039894633054184,
    0.7798980983062175
  ],
  "found_embedding": [
    -0.8354861531337145,
    0.8354696157278387,
    0.47415611213041786,
    0.5984667425000847
  ],
  "true_embedding": [
    -0.5,
    0.5,
    0.0,
    1.0
  ],
  "loss": 1.4079230639599278,
  "maxiter": 100,
  "opt_state": {
    "iter_num": 31
  }
}