{
  "initial_embedding": [
    0.6172041747295595,
    0.05993206714976684,
    0.5501992895473833,
    0.3857796564538952
  ],
  "found_embedding": [
    -3.223556690088362,
    18.998773239445796,
    2.8960379298969645e-11,
    8.7704186338267
  ],
  "true_embedding": [
    -0.5,
    0.5,
    0.0,
    1.0
  ],
  "loss": 53.22337151674385,
  "maxiter": 100,
  "opt_state": {
    "iter_num": 100
  }
}