{
  "initial_embedding": [
    0.38365526185796184,
    0.09608065587544323,
    0.3823697579803199,
    0.9161263198162756
  ],
  "found_embedding": [
    3.498967158512727,
    -11.09978798835342,
    -6.7886930290213875e-06,
    1.6968356345641595
  ],
  "true_embedding": [
    -0.5,
    0.5,
    0.0,
    1.0
  ],
  "loss": 43.98795329471869,
  "maxiter": 100,
  "opt_state": {
    "iter_num": 100
  }
}