{
  "initial_embedding": [
    0.3248665832014338,
    0.9714874428674733,
    0.41108750478852096,
    0.5865519498310283
  ],
  "found_embedding": [
    -0.9783768458998243,
    0.978391454393562,
    0.38415788289127517,
    0.5110290985255967
  ],
  "true_embedding": [
    -0.5,
    0.5,
    0.0,
    1.0
  ],
  "loss": 1.5256474028920464,
  "maxiter": 100,
  "opt_state": {
    "iter_num": 33
  }
}