{
  "initial_embedding": [
    0.8105883650511636,
    0.5803079626097758,
    0.9089733640803712,
    0.795922486172141
  ],
  "found_embedding": [
    -1.588340574696911,
    2.523642482115674,
    0.022007675565138385,
    -1.801631297954546
  ],
  "true_embedding": [
    -0.5,
    0.5,
    0.0,
    1.0
  ],
  "loss": 38.70648661287043,
  "maxiter": 100,
  "opt_state": {
    "iter_num": 100
  }
}