{
  "initial_embedding": [
    0.13610463932107963,
    0.5274147738291982,
    0.5863127359801255,
    0.35249791490494276
  ],
  "found_embedding": [
    -0.7202596779350506,
    0.7202632606913628,
    0.5774390280678028,
    0.6940529767649259
  ],
  "true_embedding": [
    -0.5,
    0.5,
    0.0,
    1.0
  ],
  "loss": 1.3675875298296933,
  "maxiter": 100,
  "opt_state": {
    "iter_num": 32
  }
}