{
  "initial_embedding": [
    0.6643088099436876,
    0.265607858095524,
    0.10682751376521182,
    0.3887637991769304
  ],
  "found_embedding": [
    -0.22355738992350468,
    6.566749367641867,
    -2.4842011042173412e-05,
    -3.778193290695501
  ],
  "true_embedding": [
    -0.5,
    0.5,
    0.0,
    1.0
  ],
  "loss": 39.82372944799975,
  "maxiter": 100,
  "opt_state": {
    "iter_num": 100
  }
}