{
  "initial_embedding": [
    0.15577038333526483,
    0.7132571334424792,
    0.8672547480727323,
    0.6799836559324991
  ],
  "found_embedding": [
    -0.7547275044850128,
    0.7547199227947453,
    0.8437793398571312,
    0.6624966781242076
  ],
  "true_embedding": [
    -0.5,
    0.5,
    0.0,
    1.0
  ],
  "loss": 1.5138512221778428,
  "maxiter": 100,
  "opt_state": {
    "iter_num": 32
  }
}