{
  "initial_embedding": [
    0.04809592598426371,
    0.1843070755796975,
    0.5570663022750196,
    0.13843915406353213
  ],
  "found_embedding": [
    -0.38894168587793243,
    1.9649308404047143,
    0.013570555663546476,
    -1.9595698429821589
  ],
  "true_embedding": [
    -0.5,
    0.5,
    0.0,
    1.0
  ],
  "loss": 35.51453862546234,
  "maxiter": 100,
  "opt_state": {
    "iter_num": 100
  }
}