{
  "initial_embedding": [
    0.012480308900869708,
    0.6710395131697526,
    0.7746391048740212,
    0.5240453000959043
  ],
  "found_embedding": [
    -0.7155881150823058,
    0.7156038045162724,
    0.7590065506815986,
    0.6987848748796415
  ],
  "true_embedding": [
    -0.5,
    0.5,
    0.0,
    1.0
  ],
  "loss": 1.448529176601874,
  "maxiter": 100,
  "opt_state": {
    "iter_num": 29
  }
}