{
  "initial_embedding": [
    0.24965679701056576,
    0.6551708780660561,
    0.6398769898728011,
    0.4701395911444126
  ],
  "found_embedding": [
    -0.8327939033652244,
    0.8327684080137661,
    0.6201046251943758,
    0.600383556288487
  ],
  "true_embedding": [
    -0.5,
    0.5,
    0.0,
    1.0
  ],
  "loss": 1.4620529269853326,
  "maxiter": 100,
  "opt_state": {
    "iter_num": 32
  }
}