{
  "initial_embedding": [
    0.5370137470347575,
    0.6373856893751241,
    0.25560416505082517,
    0.025195629032549238
  ],
  "found_embedding": [
    5.193647061591742,
    -31.160166753410785,
    9.199743303426408e-05,
    -7.353185105863802
  ],
  "true_embedding": [
    -0.5,
    0.5,
    0.0,
    1.0
  ],
  "loss": 64.48558891588988,
  "maxiter": 100,
  "opt_state": {
    "iter_num": 100
  }
}