{
  "initial_embedding": [
    0.3019770037456071,
    0.0848460976709352,
    0.031099516477720912,
    0.9869839380591986
  ],
  "found_embedding": [
    1.3010807877515624,
    -3.524778253677854,
    1.904931901466669e-12,
    -7.19028223172317
  ],
  "true_embedding": [
    -0.5,
    0.5,
    0.0,
    1.0
  ],
  "loss": 39.956953713605934,
  "maxiter": 100,
  "opt_state": {
    "iter_num": 100
  }
}