{
  "initial_embedding": [
    0.19463460313113856,
    0.8789688908145877,
    0.7389105218172054,
    0.011115494849483598
  ],
  "found_embedding": [
    -9.394416917989252,
    9.230866024927733,
    -0.09965420896171559,
    0.05253509425372369
  ],
  "true_embedding": [
    -0.5,
    0.5,
    0.0,
    1.0
  ],
  "loss": 14.434600164360939,
  "maxiter": 100,
  "opt_state": {
    "iter_num": 100
  }
}