{
  "initial_embedding": [
    0.052011432629866516,
    0.6527974089238157,
    0.8028851815922314,
    0.2991638195550813
  ],
  "found_embedding": [
    -0.7290793402997359,
    0.7290885025348236,
    0.7888853963712724,
    0.6857943591010791
  ],
  "true_embedding": [
    -0.5,
    0.5,
    0.0,
    1.0
  ],
  "loss": 1.4689519448605382,
  "maxiter": 100,
  "opt_state": {
    "iter_num": 25
  }
}