{
  "initial_embedding": [
    0.49431329138710933,
    0.42282657411290825,
    0.04973757314086735,
    0.31858978050422737
  ],
  "found_embedding": [
    26.960885675765272,
    -12.178314054795358,
    -0.0001039917153356284,
    2.7500164492390056
  ],
  "true_embedding": [
    -0.5,
    0.5,
    0.0,
    1.0
  ],
  "loss": 61.78404183978316,
  "maxiter": 100,
  "opt_state": {
    "iter_num": 100
  }
}