{
  "initial_embedding": [
    0.6315065264036087,
    0.243088415434059,
    0.9250300357504501,
    0.4122367217168752
  ],
  "found_embedding": [
    32.170877218904586,
    -33.78386879740216,
    -3.982752888164784e-06,
    4.221177196252364
  ],
  "true_embedding": [
    -0.5,
    0.5,
    0.0,
    1.0
  ],
  "loss": 79.00702613908682,
  "maxiter": 100,
  "opt_state": {
    "iter_num": 100
  }
}