{
  "initial_embedding": [
    0.635625613464434,
    0.7275286954437462,
    0.761241809899334,
    0.8550717836879791
  ],
  "found_embedding": [
    -0.38698703952685304,
    1.9523941399976588,
    0.004841563870865901,
    -1.9897294937159362
  ],
  "true_embedding": [
    -0.5,
    0.5,
    0.0,
    1.0
  ],
  "loss": 35.51408525190525,
  "maxiter": 1000,
  "opt_state": {
    "iter_num": 190
  }
}