{
  "initial_embedding": [
    0.09990030530868543,
    0.8052767177205826,
    0.37180863219822124,
    0.2534520295318038
  ],
  "found_embedding": [
    -0.8297396974379067,
    0.8297689100944913,
    0.3626952469864211,
    0.6025932214662619
  ],
  "true_embedding": [
    -0.5,
    0.5,
    0.0,
    1.0
  ],
  "loss": 1.3700222491307261,
  "maxiter": 1000,
  "opt_state": {
    "iter_num": 26
  }
}