{
  "initial_embedding": [
    0.14803590391541477,
    0.8511324664160256,
    0.03450585865924094,
    0.23275986835305262
  ],
  "found_embedding": [
    -0.9249817297079612,
    0.9249972966471469,
    0.0331475746719171,
    0.5405461169868033
  ],
  "true_embedding": [
    -0.5,
    0.5,
    0.0,
    1.0
  ],
  "loss": 1.416701615056932,
  "maxiter": 1000,
  "opt_state": {
    "iter_num": 34
  }
}