{
  "initial_embedding": [
    0.9832768095280996,
    0.36429774414571914,
    0.06609183353859449,
    0.8170821233051759
  ],
  "found_embedding": [
    -0.3869105579794829,
    1.9517468987849378,
    -4.9596864614619356e-08,
    -1.9922162094318847
  ],
  "true_embedding": [
    -0.5,
    0.5,
    0.0,
    1.0
  ],
  "loss": 35.514083000020136,
  "maxiter": 1000,
  "opt_state": {
    "iter_num": 433
  }
}