{
  "initial_embedding": [
    0.8470819139288399,
    0.45228759387920814,
    0.9202952842268269,
    0.8439688343679655
  ],
  "found_embedding": [
    20.662012934513427,
    -339.0111506671765,
    3.288248968663973e-13,
    -1.1125945436194478
  ],
  "true_embedding": [
    -0.5,
    0.5,
    0.0,
    1.0
  ],
  "loss": 371.6862178594331,
  "maxiter": 1000,
  "opt_state": {
    "iter_num": 129
  }
}