{
  "initial_embedding": [
    0.9510881080180049,
    0.7273331536389434,
    0.559313140433581,
    0.33819248843137095
  ],
  "found_embedding": [
    11.924049418908313,
    254.7775385094538,
    2.777858125129425e-13,
    -5.719905278963955
  ],
  "true_embedding": [
    -0.5,
    0.5,
    0.0,
    1.0
  ],
  "loss": 287.18095639337315,
  "maxiter": 1000,
  "opt_state": {
    "iter_num": 1000
  }
}