{
  "initial_embedding": [
    0.0518689562631619,
    0.06453911786968636,
    0.5785481213947353,
    0.8135078360601006
  ],
  "found_embedding": [
    NaN,
    NaN,
    NaN,
    NaN
  ],
  "true_embedding": [
    -0.5,
    0.5,
    0.0,
    1.0
  ],
  "loss": NaN,
  "maxiter": 1000,
  "opt_state": {
    "iter_num": 897
  }
}