{
  "initial_embedding": [
    0.053844146482864064,
    0.9402620280362011,
    0.37387213133677455,
    0.6127584765714472
  ],
  "found_embedding": [
    -0.9119903746914427,
    0.9119900812176934,
    0.35272321685856717,
    0.5482483787033049
  ],
  "true_embedding": [
    -0.5,
    0.5,
    0.0,
    1.0
  ],
  "loss": 1.4453271365203995,
  "maxiter": 1000,
  "opt_state": {
    "iter_num": 31
  }
}