{
  "initial_embedding": [
    0.749513562069069,
    0.7423043995693137,
    0.9369903467627031,
    0.3751946009882762
  ],
  "found_embedding": [
    -1.4403058724636915,
    14.483047107687861,
    -3.437200022512987e-14,
    -1.6393916615085173
  ],
  "true_embedding": [
    -0.5,
    0.5,
    0.0,
    1.0
  ],
  "loss": 46.73170951595077,
  "maxiter": 1000,
  "opt_state": {
    "iter_num": 1000
  }
}