{
  "initial_embedding": [
    0.3612023699159711,
    0.8335288034023053,
    0.7120879581495995,
    0.43576589256660847
  ],
  "found_embedding": [
    -0.9180864628719297,
    0.9181119753333337,
    0.6787378462649915,
    0.5446183518121607
  ],
  "true_embedding": [
    -0.5,
    0.5,
    0.0,
    1.0
  ],
  "loss": 1.5648735442972137,
  "maxiter": 1000,
  "opt_state": {
    "iter_num": 27
  }
}