{
  "initial_embedding": [
    0.70259708903556,
    0.980506920600689,
    0.37559476006828496,
    0.8191089885266719
  ],
  "found_embedding": [
    -1.0844492562237238,
    1.0844016893450728,
    0.3164563144385433,
    0.46109045651298036
  ],
  "true_embedding": [
    -0.5,
    0.5,
    0.0,
    1.0
  ],
  "loss": 1.6351320924806152,
  "maxiter": 500,
  "opt_state": {
    "iter_num": 42
  }
}