{
  "initial_embedding": [
    0.5040804081260875,
    0.1354757674919641,
    0.43932667590685304,
    0.9293084582312038
  ],
  "found_embedding": [
    516.9618466800841,
    -398.27449368371583,
    1.2104318444559592e-11,
    108.5140306307362
  ],
  "true_embedding": [
    -0.5,
    0.5,
    0.0,
    1.0
  ],
  "loss": 693.6003052069009,
  "maxiter": 500,
  "opt_state": {
    "iter_num": 500
  }
}