{
  "initial_embedding": [
    0.36053706603511604,
    0.3785590682412504,
    0.4524647151142188,
    0.31581475462141584
  ],
  "found_embedding": [
    -8.446831820364735e+20,
    3.5841613232603757e+22,
    -19590741.920779508,
    3.852765590294388e+19
  ],
  "true_embedding": [
    -0.5,
    0.5,
    0.0,
    1.0
  ],
  "loss": 3.585158592271535e+22,
  "maxiter": 500,
  "opt_state": {
    "iter_num": 500
  }
}