{
  "initial_embedding": [
    0.6306029263381064,
    0.9669669381731223,
    0.36018829597765945,
    0.4883258731635016
  ],
  "found_embedding": [
    -1.4601230290924176,
    1.460215147955154,
    0.3129543443056285,
    0.34241237532767105
  ],
  "true_embedding": [
    -0.5,
    0.5,
    0.0,
    1.0
  ],
  "loss": 2.1201576437061957,
  "maxiter": 500,
  "opt_state": {
    "iter_num": 60
  }
}