{
  "initial_embedding": [
    0.25589403648440756,
    0.9040487580820075,
    0.9589277845631361,
    0.654391793697785
  ],
  "found_embedding": [
    -0.8559929783261185,
    0.8559963612891888,
    0.9120909675645335,
    0.5840489564302915
  ],
  "true_embedding": [
    -0.5,
    0.5,
    0.0,
    1.0
  ],
  "loss": 1.6280175056845916,
  "maxiter": 500,
  "opt_state": {
    "iter_num": 26
  }
}