{
  "initial_embedding": [
    0.8500608785519365,
    0.7658537446682536,
    0.9786992086365921,
    0.7348643945516756
  ],
  "found_embedding": [
    -0.3868074213505963,
    1.9519473817864295,
    0.006883931832841218,
    -1.9902458847780105
  ],
  "true_embedding": [
    -0.5,
    0.5,
    0.0,
    1.0
  ],
  "loss": 35.514089584288826,
  "maxiter": 500,
  "opt_state": {
    "iter_num": 264
  }
}