{
  "initial_embedding": [
    0.8884970837457133,
    0.8209117645161,
    0.489623469368053,
    0.3635671401176246
  ],
  "found_embedding": [
    -0.4502620783017507,
    2.121396234359555,
    -1.232403898270101e-14,
    -1.4819434874775796
  ],
  "true_embedding": [
    -0.5,
    0.5,
    0.0,
    1.0
  ],
  "loss": 35.6620645355599,
  "maxiter": 500,
  "opt_state": {
    "iter_num": 500
  }
}