{
  "initial_embedding": [
    0.6854524364226063,
    0.11999278656883428,
    0.6508041030033466,
    0.9667878177068177
  ],
  "found_embedding": [
    -0.38706617767623375,
    1.9525226802318456,
    5.450498558347919e-09,
    -1.989442254772445
  ],
  "true_embedding": [
    -0.5,
    0.5,
    0.0,
    1.0
  ],
  "loss": 35.51408122433281,
  "maxiter": 500,
  "opt_state": {
    "iter_num": 253
  }
}