{
  "initial_embedding": [
    0.21097508487401928,
    0.8729635282822981,
    0.1071152619376261,
    0.3208938009217186
  ],
  "found_embedding": [
    -0.9154374924749705,
    0.9154430962263364,
    0.10295500241180104,
    0.546193092698454
  ],
  "true_embedding": [
    -0.5,
    0.5,
    0.0,
    1.0
  ],
  "loss": 1.4094894595666227,
  "maxiter": 500,
  "opt_state": {
    "iter_num": 35
  }
}