{
  "initial_embedding": [
    0.25362758528670837,
    0.18402919824114095,
    0.4757730147862581,
    0.38615454892126866
  ],
  "found_embedding": [
    -1057478045.8858039,
    12811248574.167934,
    -2.454529347109947e-05,
    3686294.897918262
  ],
  "true_embedding": [
    -0.5,
    0.5,
    0.0,
    1.0
  ],
  "loss": 12854818717.486227,
  "maxiter": 500,
  "opt_state": {
    "iter_num": 500
  }
}