{
  "initial_embedding": [
    0.6467689946251258,
    0.427650327311239,
    0.6079267002352511,
    0.411566608110404
  ],
  "found_embedding": [
    -10.969198191825537,
    11.784737796200108,
    -0.007424456231745354,
    -2.1111232314449055
  ],
  "true_embedding": [
    -0.5,
    0.5,
    0.0,
    1.0
  ],
  "loss": 17.505339631904125,
  "true_loss": 1.2584948713915889,
  "maxiter": 100,
  "opt_state": {
    "iter_num": 100
  },
  "keys": {
    "system": "shm",
    "family": "power_series_with_prefactor",
    "loss_fn": "q_rms_embedding_norm_huber"
  }
}