{"initial_embedding": [0.19152642905479977, 0.8928942934583496, 0.7094399733020778, 0.255893385376033], "found_embedding": [-2.8876958050021724e+42, 9.62837300864872e+41, -6.706636876894117e+28, 1.1983188439663539e+42], "true_embedding": [-0.5, 0.5, 0.0, 1.0], "loss": 2.0953560895457853e+43, "maxiter": 1000}