{"initial_embedding": [0.6837366111671557, 0.30805351901226274, 0.9344560641933771, 0.3373127307180236], "found_embedding": [NaN, NaN, NaN, NaN], "true_embedding": [-0.5, 0.5, 0.0, 1.0], "loss": 2.0953560895457853e+43, "maxiter": 1000}