{
  "initial_embedding": [
    0.6258716059350256,
    0.801957275849911,
    0.926299080374138,
    0.199195872095989
  ],
  "found_embedding": [
    -0.5406940332082416,
    0.13438314357575065,
    0.1220852682210333,
    -5.056190168314586
  ],
  "true_embedding": [
    -0.5,
    0.5,
    0.0,
    1.0
  ],
  "loss": 37.66234477832957,
  "true_loss": 1.224744871391589,
  "maxiter": 100,
  "opt_state": {
    "iter_num": 100
  },
  "keys": {
    "system": "SHM",
    "family": "power_series_with_prefactor",
    "loss_fn": "q_only_with_embedding_norm_and_reverse_linear_weights"
  }
}