{
  "initial_embedding": [
    0.9608954149721255,
    0.2802596437360685,
    0.39726927440944226,
    0.5707946149059402
  ],
  "found_embedding": [
    -43.11951511871029,
    -388.975501571782,
    -0.005786001368251811,
    22.686982003031464
  ],
  "true_embedding": [
    -0.5,
    0.5,
    0.0,
    1.0
  ],
  "loss": 424.0691458685511,
  "true_loss": 1.224744871391589,
  "maxiter": 100,
  "opt_state": {
    "iter_num": 100
  },
  "keys": {
    "system": "SHM",
    "family": "power_series_with_prefactor",
    "loss_fn": "q_only_with_embedding_norm_and_reverse_linear_weights"
  }
}