{
  "initial_embedding": [
    0.0029965898502701815,
    0.8002652272384391,
    0.6673321987785465,
    0.290362163294667
  ],
  "found_embedding": [
    -0.7982497277398003,
    0.7982615433288729,
    0.6511228210866001,
    0.6264762661466552
  ],
  "true_embedding": [
    -0.5,
    0.5,
    0.0,
    1.0
  ],
  "loss": 1.451703524409206,
  "true_loss": 1.224744871391589,
  "maxiter": 100,
  "opt_state": {
    "iter_num": 23
  },
  "keys": {
    "system": "SHM",
    "family": "power_series_with_prefactor",
    "loss_fn": "q_only_with_embedding_norm_and_reverse_linear_weights"
  }
}