{
  "initial_embedding": [
    0.5964123952742998,
    0.45144360152719476,
    0.8409972134118338,
    0.385222971351858
  ],
  "found_embedding": [
    -882905370879.619,
    11356383051626.4,
    -0.018868744919400892,
    -148322682992.2993
  ],
  "true_embedding": [
    -0.5,
    0.5,
    0.0,
    1.0
  ],
  "loss": 11391617862631.094,
  "true_loss": 1.224744871391589,
  "maxiter": 100,
  "opt_state": {
    "iter_num": 100
  },
  "keys": {
    "system": "SHM",
    "family": "power_series_with_prefactor",
    "loss_fn": "q_only_with_embedding_norm_and_reverse_linear_weights"
  }
}