{
  "initial_embedding": [
    0.9854642122303054,
    0.6496490035001325,
    0.2839680350846917,
    0.2647417263707712
  ],
  "found_embedding": [
    0.4862071945355948,
    -3.350759016057181,
    -0.0001972215858569763,
    2.0192175415812867
  ],
  "true_embedding": [
    -0.5,
    0.5,
    0.0,
    1.0
  ],
  "loss": 36.24497198329162,
  "true_loss": 1.224744871391589,
  "maxiter": 100,
  "opt_state": {
    "iter_num": 100
  },
  "keys": {
    "system": "SHM",
    "family": "power_series_with_prefactor",
    "loss_fn": "q_only_with_embedding_norm_and_reverse_linear_weights"
  }
}