{
  "initial_embedding": [
    0.7856925410274183,
    0.5264597061521095,
    0.18083706366209973,
    0.14058950526745417
  ],
  "found_embedding": [
    -1411456.5034186423,
    8302699.776997334,
    0.0003568701794892625,
    498968.1398188831
  ],
  "true_embedding": [
    -0.5,
    0.5,
    0.0,
    1.0
  ],
  "loss": 8436619.171912733,
  "true_loss": 1.224744871391589,
  "maxiter": 100,
  "opt_state": {
    "iter_num": 100
  },
  "keys": {
    "system": "SHM",
    "family": "power_series_with_prefactor",
    "loss_fn": "q_only_with_embedding_norm_and_reverse_linear_weights"
  }
}