{
  "initial_embedding": [
    0.9892835864361994,
    0.3467392742869676,
    0.5704325610224696,
    0.720372409387194
  ],
  "found_embedding": [
    39.469149219883064,
    -40.93591123117284,
    -0.008865288665844798,
    -16.540791836228397
  ],
  "true_embedding": [
    -0.5,
    0.5,
    0.0,
    1.0
  ],
  "loss": 91.24800873492816,
  "true_loss": 1.224744871391589,
  "maxiter": 100,
  "opt_state": {
    "iter_num": 100
  },
  "keys": {
    "system": "SHM",
    "family": "power_series_with_prefactor",
    "loss_fn": "q_only_with_embedding_norm_and_reverse_linear_weights"
  }
}