{
  "initial_embedding": [
    0.5899446965674671,
    0.47146126344078854,
    0.5899432448650405,
    0.9375007916118832
  ],
  "found_embedding": [
    3.9420421129169325,
    -4.643958297030078,
    0.0014739907850812137,
    -1.2423697901926456
  ],
  "true_embedding": [
    -0.5,
    0.5,
    0.0,
    1.0
  ],
  "loss": 35.40796273470019,
  "true_loss": 1.224744871391589,
  "maxiter": 100,
  "opt_state": {
    "iter_num": 100
  },
  "keys": {
    "system": "SHM",
    "family": "power_series_with_prefactor",
    "loss_fn": "q_only_with_embedding_norm_and_reverse_linear_weights"
  }
}