{
  "initial_embedding": [
    0.05019576185846586,
    0.5045939797518033,
    0.073075922250326,
    0.641162093739566
  ],
  "found_embedding": [
    -0.6534900614183908,
    0.6534739135185039,
    0.07139833845956926,
    0.7649323842895872
  ],
  "true_embedding": [
    -0.5,
    0.5,
    0.0,
    1.0
  ],
  "loss": 1.2102847468182294,
  "true_loss": 1.224744871391589,
  "maxiter": 100,
  "opt_state": {
    "iter_num": 35
  },
  "keys": {
    "system": "SHM",
    "family": "power_series_with_prefactor",
    "loss_fn": "q_only_with_embedding_norm_and_reverse_linear_weights"
  }
}