{
  "initial_embedding": [
    0.7639741572604436,
    0.6334963376220749,
    0.5844156117819922,
    0.991700206321556
  ],
  "found_embedding": [
    724662522.8709979,
    -12391644144.491425,
    -0.00040453611208881267,
    -31002004.814770103
  ],
  "true_embedding": [
    -0.5,
    0.5,
    0.0,
    1.0
  ],
  "loss": 12412853914.219248,
  "true_loss": 1.224744871391589,
  "maxiter": 100,
  "opt_state": {
    "iter_num": 100
  },
  "keys": {
    "system": "SHM",
    "family": "power_series_with_prefactor",
    "loss_fn": "q_only_with_embedding_norm_and_reverse_linear_weights"
  }
}