{
  "initial_embedding": [
    0.40301983671209385,
    0.5091570287476599,
    0.13635281567234214,
    0.5743853066236301
  ],
  "found_embedding": [
    -1.856795881283841,
    0.7276713928223655,
    0.002964709103746359,
    -1.6391271562055607
  ],
  "true_embedding": [
    -0.5,
    0.5,
    0.0,
    1.0
  ],
  "loss": 35.25853198205532,
  "true_loss": 1.224744871391589,
  "maxiter": 100,
  "opt_state": {
    "iter_num": 100
  },
  "keys": {
    "system": "SHM",
    "family": "power_series_with_prefactor",
    "loss_fn": "q_only_with_embedding_norm_and_reverse_linear_weights"
  }
}