{
  "initial_embedding": [
    0.461992603286435,
    0.05753936511408175,
    0.685004051098543,
    0.6338429499884343
  ],
  "found_embedding": [
    -7.978810808556588,
    2.411182362703526,
    -2.3177329540988083e-10,
    3.2294316579351587
  ],
  "true_embedding": [
    -0.5,
    0.5,
    0.0,
    1.0
  ],
  "loss": 40.95986251716495,
  "true_loss": 1.224744871391589,
  "maxiter": 100,
  "opt_state": {
    "iter_num": 100
  },
  "keys": {
    "system": "SHM",
    "family": "power_series_with_prefactor",
    "loss_fn": "q_only_with_embedding_norm_and_reverse_linear_weights"
  }
}