{
  "initial_embedding": [
    0.5258984330701185,
    0.522312409361783,
    0.5175031744087891,
    0.11061688966524896
  ],
  "found_embedding": [
    0.3746914707139824,
    -2.0050850694404465,
    -0.06920313127658566,
    2.8737935193638715
  ],
  "true_embedding": [
    -0.5,
    0.5,
    0.0,
    1.0
  ],
  "loss": 35.8586512171407,
  "true_loss": 1.224744871391589,
  "maxiter": 100,
  "opt_state": {
    "iter_num": 100
  },
  "keys": {
    "system": "SHM",
    "family": "power_series_with_prefactor",
    "loss_fn": "q_only_with_embedding_norm_and_reverse_linear_weights"
  }
}