{
  "initial_embedding": [
    0.621645978080749,
    0.9760747227589391,
    0.7458755340860378,
    0.1996376444500897
  ],
  "found_embedding": [
    -1.221312199067436,
    0.30500638547670017,
    0.2999297557207995,
    -1.7417193425344557
  ],
  "true_embedding": [
    -0.5,
    0.5,
    0.0,
    1.0
  ],
  "loss": 34.8944990106314,
  "true_loss": 1.224744871391589,
  "maxiter": 100,
  "opt_state": {
    "iter_num": 100
  },
  "keys": {
    "system": "SHM",
    "family": "power_series_with_prefactor",
    "loss_fn": "q_only_with_embedding_norm_and_reverse_linear_weights"
  }
}