{
  "initial_embedding": [
    0.5264690491292924,
    0.407198877403138,
    0.8880735093246607,
    0.8650859342921284
  ],
  "found_embedding": [
    8.569552832731999e+24,
    -4.574213510349244e+26,
    198413111850.2506,
    -5.5826324712484705e+22
  ],
  "true_embedding": [
    -0.5,
    0.5,
    0.0,
    1.0
  ],
  "loss": 4.575016204724821e+26,
  "true_loss": 1.224744871391589,
  "maxiter": 100,
  "opt_state": {
    "iter_num": 100
  },
  "keys": {
    "system": "SHM",
    "family": "power_series_with_prefactor",
    "loss_fn": "q_only_with_embedding_norm_and_reverse_linear_weights"
  }
}