{
  "initial_embedding": [
    0.621863453550477,
    0.8360639610576218,
    0.34310824913135995,
    0.11139896403206595
  ],
  "found_embedding": [
    0.6874425952842778,
    -4.2304463290485845,
    -0.010156880367568951,
    -2.263611603054997
  ],
  "true_embedding": [
    -0.5,
    0.5,
    0.0,
    1.0
  ],
  "loss": 37.061075913797254,
  "true_loss": 1.224744871391589,
  "maxiter": 100,
  "opt_state": {
    "iter_num": 100
  },
  "keys": {
    "system": "SHM",
    "family": "power_series_with_prefactor",
    "loss_fn": "q_only_with_embedding_norm_and_reverse_linear_weights"
  }
}