{
  "initial_embedding": [
    0.40027835616842034,
    0.6158315942901765,
    0.20636747224043195,
    0.7967188398373346
  ],
  "found_embedding": [
    -1.1477980339034977,
    1.1478073828734234,
    0.18513383311107648,
    0.43562998057631774
  ],
  "true_embedding": [
    -0.5,
    0.5,
    0.0,
    1.0
  ],
  "loss": 1.6920623237611692,
  "true_loss": 1.224744871391589,
  "maxiter": 100,
  "opt_state": {
    "iter_num": 44
  },
  "keys": {
    "system": "SHM",
    "family": "power_series_with_prefactor",
    "loss_fn": "q_only_with_embedding_norm_and_reverse_linear_weights"
  }
}