{
  "initial_embedding": [
    0.14872953035281467,
    0.04714960426733528,
    0.8413833777493938,
    0.14501328200428298
  ],
  "found_embedding": [
    -6470592.651344533,
    39103774.11135253,
    7.0815815596786155e-06,
    127701.01650416739
  ],
  "true_embedding": [
    -0.5,
    0.5,
    0.0,
    1.0
  ],
  "loss": 39635748.60240207,
  "true_loss": 1.224744871391589,
  "maxiter": 100,
  "opt_state": {
    "iter_num": 100
  },
  "keys": {
    "system": "SHM",
    "family": "power_series_with_prefactor",
    "loss_fn": "q_only_with_embedding_norm_and_reverse_linear_weights"
  }
}