{
  "initial_embedding": [
    0.14873025014403018,
    0.2727211355689385,
    0.11148239235334623,
    0.08477575556019112
  ],
  "found_embedding": [
    0.379425251797376,
    -1.9191162808033109,
    -0.00037844097236421737,
    1.9910325026487234
  ],
  "true_embedding": [
    -0.5,
    0.5,
    0.0,
    1.0
  ],
  "loss": 35.51460076609321,
  "true_loss": 1.224744871391589,
  "maxiter": 100,
  "opt_state": {
    "iter_num": 100
  },
  "keys": {
    "system": "SHM",
    "family": "power_series_with_prefactor",
    "loss_fn": "q_only_with_embedding_norm_and_reverse_linear_weights"
  }
}