{
  "initial_embedding": [
    0.15754698347905505,
    0.6606756303637998,
    0.03505860784992576,
    0.5537801660813906
  ],
  "found_embedding": [
    -0.8047496765247268,
    0.804686698254604,
    0.03389013287352168,
    0.6213281491836683
  ],
  "true_embedding": [
    -0.5,
    0.5,
    0.0,
    1.0
  ],
  "loss": 1.3013024877385218,
  "true_loss": 1.224744871391589,
  "maxiter": 100,
  "opt_state": {
    "iter_num": 34
  },
  "keys": {
    "system": "SHM",
    "family": "power_series_with_prefactor",
    "loss_fn": "q_only_with_embedding_norm_and_reverse_linear_weights"
  }
}