{
  "initial_embedding": [
    0.5861155807355399,
    0.06986434642781014,
    0.8689073490589051,
    0.17489244882655186
  ],
  "found_embedding": [
    -4.359434769126946,
    32.7100608807429,
    1.1023183258995598e-09,
    1.1385341480906888
  ],
  "true_embedding": [
    -0.5,
    0.5,
    0.0,
    1.0
  ],
  "loss": 65.07507046092485,
  "true_loss": 1.224744871391589,
  "maxiter": 100,
  "opt_state": {
    "iter_num": 100
  },
  "keys": {
    "system": "SHM",
    "family": "power_series_with_prefactor",
    "loss_fn": "q_only_with_embedding_norm_and_reverse_linear_weights"
  }
}