{
  "initial_embedding": [
    0.3438943893872034,
    0.9351179688446395,
    0.007768320467595569,
    0.5258674730334174
  ],
  "found_embedding": [
    -0.9176307753838173,
    0.9176455234853006,
    0.007328138263843558,
    0.5448659732464458
  ],
  "true_embedding": [
    -0.5,
    0.5,
    0.0,
    1.0
  ],
  "loss": 1.4086479574861783,
  "true_loss": 1.224744871391589,
  "maxiter": 100,
  "opt_state": {
    "iter_num": 31
  },
  "keys": {
    "system": "SHM",
    "family": "power_series_with_prefactor",
    "loss_fn": "q_only_with_embedding_norm_and_reverse_linear_weights"
  }
}