{
  "initial_embedding": [
    0.7864318408244703,
    0.47953069281596405,
    0.3977966669680705,
    0.7916974822926941
  ],
  "found_embedding": [
    190010.43959127605,
    -965495.0299642647,
    -0.0034911414645222493,
    -27654.24154748128
  ],
  "true_embedding": [
    -0.5,
    0.5,
    0.0,
    1.0
  ],
  "loss": 984435.1070048861,
  "true_loss": 1.224744871391589,
  "maxiter": 100,
  "opt_state": {
    "iter_num": 100
  },
  "keys": {
    "system": "SHM",
    "family": "power_series_with_prefactor",
    "loss_fn": "q_only_with_embedding_norm_and_reverse_linear_weights"
  }
}