{
  "initial_embedding": [
    0.949576099444654,
    0.9652678558913862,
    0.9480965725740527,
    0.6637252217445185
  ],
  "found_embedding": [
    -1.6809854845577756,
    0.6690758914071087,
    0.13562684761350127,
    -1.6864853994012523
  ],
  "true_embedding": [
    -0.5,
    0.5,
    0.0,
    1.0
  ],
  "loss": 35.25310319698337,
  "true_loss": 1.224744871391589,
  "maxiter": 100,
  "opt_state": {
    "iter_num": 100
  },
  "keys": {
    "system": "SHM",
    "family": "power_series_with_prefactor",
    "loss_fn": "q_only_with_embedding_norm_and_reverse_linear_weights"
  }
}