{
  "initial_embedding": [
    0.48943267838272186,
    0.6934379752897496,
    0.7484782882283882,
    0.7693292286936522
  ],
  "found_embedding": [
    -1.1803709862292038,
    1.1803789605942259,
    0.6537992985083266,
    0.42360375682115026
  ],
  "true_embedding": [
    -0.5,
    0.5,
    0.0,
    1.0
  ],
  "loss": 1.842972270758238,
  "true_loss": 1.224744871391589,
  "maxiter": 100,
  "opt_state": {
    "iter_num": 44
  },
  "keys": {
    "system": "SHM",
    "family": "power_series_with_prefactor",
    "loss_fn": "q_only_with_embedding_norm_and_reverse_linear_weights"
  }
}