{
  "initial_embedding": [
    0.5579284006973528,
    0.5737642780934686,
    0.4615139318633623,
    0.8689023007994997
  ],
  "found_embedding": [
    -1.5909223260219192,
    0.6376619072079305,
    0.00902054161853948,
    -1.4334049821792252
  ],
  "true_embedding": [
    -0.5,
    0.5,
    0.0,
    1.0
  ],
  "loss": 35.39212097182197,
  "true_loss": 1.224744871391589,
  "maxiter": 100,
  "opt_state": {
    "iter_num": 100
  },
  "keys": {
    "system": "SHM",
    "family": "power_series_with_prefactor",
    "loss_fn": "q_only_with_embedding_norm_and_reverse_linear_weights"
  }
}