{
  "initial_embedding": [
    0.4254550913287244,
    0.34633432999430247,
    0.3185203556230417,
    0.44718344272000776
  ],
  "found_embedding": [
    -29.80163633933024,
    24.085904362701335,
    0.9247132060697628,
    -152.5996437900918
  ],
  "true_embedding": [
    -0.5,
    0.5,
    0.0,
    1.0
  ],
  "loss": 189.39396057556445,
  "true_loss": 1.224744871391589,
  "maxiter": 100,
  "opt_state": {
    "iter_num": 100
  },
  "keys": {
    "system": "SHM",
    "family": "power_series_with_prefactor",
    "loss_fn": "q_only_with_embedding_norm_and_reverse_linear_weights"
  }
}