{
  "initial_embedding": [
    0.010773196920396133,
    0.867749907226531,
    0.34145467830364284,
    0.6762389545667237
  ],
  "found_embedding": [
    -0.7820226427705198,
    0.7820216861166889,
    0.3314445573375552,
    0.6394396854825051
  ],
  "true_embedding": [
    -0.5,
    0.5,
    0.0,
    1.0
  ],
  "loss": 1.3233857396641209,
  "true_loss": 1.224744871391589,
  "maxiter": 100,
  "opt_state": {
    "iter_num": 26
  },
  "keys": {
    "system": "SHM",
    "family": "power_series_with_prefactor",
    "loss_fn": "q_only_with_embedding_norm_and_reverse_linear_weights"
  }
}