{
  "initial_embedding": [
    0.2538273073932221,
    0.8718324851265887,
    0.47353421472735313,
    0.9595916173439712
  ],
  "found_embedding": [
    -0.8175502550640141,
    0.8175470725190086,
    0.44316425890575883,
    0.6115983511276671
  ],
  "true_embedding": [
    -0.5,
    0.5,
    0.0,
    1.0
  ],
  "loss": 1.381797824939216,
  "true_loss": 1.224744871391589,
  "maxiter": 100,
  "opt_state": {
    "iter_num": 43
  },
  "keys": {
    "system": "SHM",
    "family": "power_series_with_prefactor",
    "loss_fn": "q_only_with_embedding_norm_and_reverse_linear_weights"
  }
}