{
  "initial_embedding": [
    0.43216818023438297,
    0.9391055290002497,
    0.6196913237913305,
    0.5676891973885727
  ],
  "found_embedding": [
    -1.3648759453546973,
    1.364846266138448,
    0.562551237762498,
    0.3663765448148465
  ],
  "true_embedding": [
    -0.5,
    0.5,
    0.0,
    1.0
  ],
  "loss": 2.047315232537489,
  "true_loss": 1.224744871391589,
  "maxiter": 100,
  "opt_state": {
    "iter_num": 52
  },
  "keys": {
    "system": "SHM",
    "family": "power_series_with_prefactor",
    "loss_fn": "q_only_with_embedding_norm_and_reverse_linear_weights"
  }
}