{
  "initial_embedding": [
    0.8169095323061545,
    0.4360826490108495,
    0.014574282184565357,
    0.9293012190641708
  ],
  "found_embedding": [
    -307707.34992672777,
    1553622.4062223965,
    -0.0033034567297720715,
    45081.53315363949
  ],
  "true_embedding": [
    -0.5,
    0.5,
    0.0,
    1.0
  ],
  "loss": 1584474.772663794,
  "true_loss": 1.224744871391589,
  "maxiter": 100,
  "opt_state": {
    "iter_num": 100
  },
  "keys": {
    "system": "SHM",
    "family": "power_series_with_prefactor",
    "loss_fn": "q_only_with_embedding_norm_and_reverse_linear_weights"
  }
}