{
  "initial_embedding": [
    0.6385945708826959,
    0.6172475201621767,
    0.8587510179802793,
    0.23116302495347296
  ],
  "found_embedding": [
    -2.226527519359174,
    34.491727251985154,
    1.1193315685841262e-09,
    0.3008693261114048
  ],
  "true_embedding": [
    -0.5,
    0.5,
    0.0,
    1.0
  ],
  "loss": 66.72296965533081,
  "true_loss": 1.224744871391589,
  "maxiter": 100,
  "opt_state": {
    "iter_num": 100
  },
  "keys": {
    "system": "SHM",
    "family": "power_series_with_prefactor",
    "loss_fn": "q_only_with_embedding_norm_and_reverse_linear_weights"
  }
}