{
  "initial_embedding": [
    0.9548425191432622,
    0.02839166730774989,
    0.6048387739777535,
    0.016599668899309084
  ],
  "found_embedding": [
    -6.3633611635301825e+22,
    2.2171639388793922e+24,
    -1478492159.3951774,
    1.3186424962118507e+23
  ],
  "true_embedding": [
    -0.5,
    0.5,
    0.0,
    1.0
  ],
  "loss": 2.2219931027627182e+24,
  "true_loss": 1.224744871391589,
  "maxiter": 100,
  "opt_state": {
    "iter_num": 2
  },
  "keys": {
    "system": "SHM",
    "family": "power_series_with_prefactor",
    "loss_fn": "q_only_with_embedding_norm_and_reverse_linear_weights"
  }
}