{
  "initial_embedding": [
    0.566392947565122,
    0.7068013688833813,
    0.7287542633124924,
    0.45376766466851326
  ],
  "found_embedding": [
    -0.38276241473758665,
    1.9283615152092872,
    -0.05626063859549356,
    -1.9827597932280345
  ],
  "true_embedding": [
    -0.5,
    0.5,
    0.0,
    1.0
  ],
  "loss": 35.51496655093998,
  "true_loss": 1.224744871391589,
  "maxiter": 100,
  "opt_state": {
    "iter_num": 100
  },
  "keys": {
    "system": "SHM",
    "family": "power_series_with_prefactor",
    "loss_fn": "q_only_with_embedding_norm_and_reverse_linear_weights"
  }
}