{
  "initial_embedding": [
    0.8944350771566116,
    0.44013081303594825,
    0.1925852787781932,
    0.5462421458484574
  ],
  "found_embedding": [
    0.4446821944560035,
    -2.2056413399075834,
    -0.0013114863009040004,
    1.9187075290926605
  ],
  "true_embedding": [
    -0.5,
    0.5,
    0.0,
    1.0
  ],
  "loss": 35.54137333563421,
  "true_loss": 1.224744871391589,
  "maxiter": 100,
  "opt_state": {
    "iter_num": 100
  },
  "keys": {
    "system": "SHM",
    "family": "power_series_with_prefactor",
    "loss_fn": "q_only_with_embedding_norm_and_reverse_linear_weights"
  }
}