{
  "initial_embedding": [
    0.2651852307663385,
    0.5923660564614702,
    0.7468629990051238,
    0.03243557812304154
  ],
  "found_embedding": [
    -4.8819422792586615e+42,
    6.739904116262625e+44,
    -1.1363129827671961e+29,
    1.5474713728145242e+41
  ],
  "true_embedding": [
    -0.5,
    0.5,
    0.0,
    1.0
  ],
  "loss": 6.740081099447048e+44,
  "true_loss": 1.224744871391589,
  "maxiter": 100,
  "opt_state": {
    "iter_num": 100
  },
  "keys": {
    "system": "SHM",
    "family": "power_series_with_prefactor",
    "loss_fn": "q_only_with_embedding_norm_and_reverse_linear_weights"
  }
}