{
  "initial_embedding": [
    0.6897231223065805,
    0.45818058421294405,
    0.06310833695514706,
    0.2613747325817338
  ],
  "found_embedding": [
    -0.6623122019734201,
    0.7831263044341902,
    -5.859433336878893e-11,
    1.628009878445889
  ],
  "true_embedding": [
    -0.5,
    0.5,
    0.0,
    1.0
  ],
  "loss": 21.45104573359056,
  "true_loss": 1.224744871391589,
  "maxiter": 100,
  "opt_state": {
    "iter_num": 100
  },
  "keys": {
    "system": "SHM",
    "family": "power_series_with_prefactor",
    "loss_fn": "q_only_with_embedding_norm_and_reverse_linear_weights"
  }
}