{
  "initial_embedding": [
    0.3589273199974429,
    0.5698994026038224,
    0.7572154766046516,
    0.34239040893693506
  ],
  "found_embedding": [
    -1.3564887231143448,
    1.3564966243438592,
    0.6952667718279031,
    0.36859616574275716
  ],
  "true_embedding": [
    -0.5,
    0.5,
    0.0,
    1.0
  ],
  "loss": 2.0738479587974394,
  "true_loss": 1.224744871391589,
  "maxiter": 100,
  "opt_state": {
    "iter_num": 48
  },
  "keys": {
    "system": "SHM",
    "family": "power_series_with_prefactor",
    "loss_fn": "q_only_with_embedding_norm_and_reverse_linear_weights"
  }
}