{
  "initial_embedding": [
    0.3648726510083006,
    0.5961484661569749,
    0.08333881904667395,
    0.7248723434103904
  ],
  "found_embedding": [
    -1.0092489860167557,
    1.0092589222453259,
    0.07777653910548661,
    0.49540993138900025
  ],
  "true_embedding": [
    -0.5,
    0.5,
    0.0,
    1.0
  ],
  "loss": 1.5135089703969578,
  "true_loss": 1.224744871391589,
  "maxiter": 100,
  "opt_state": {
    "iter_num": 42
  },
  "keys": {
    "system": "SHM",
    "family": "power_series_with_prefactor",
    "loss_fn": "q_only_with_embedding_norm_and_reverse_linear_weights"
  }
}