{
  "initial_embedding": [
    0.11213233378083975,
    0.19624222615103415,
    0.03601531166795968,
    0.5031264407579491
  ],
  "found_embedding": [
    -451.80363922644824,
    385.959931895562,
    0.002277941107645749,
    157.19625683201542
  ],
  "true_embedding": [
    -0.5,
    0.5,
    0.0,
    1.0
  ],
  "loss": 646.7067583071353,
  "true_loss": 1.224744871391589,
  "maxiter": 100,
  "opt_state": {
    "iter_num": 100
  },
  "keys": {
    "system": "SHM",
    "family": "power_series_with_prefactor",
    "loss_fn": "q_only_with_embedding_norm_and_reverse_linear_weights"
  }
}