{
  "initial_embedding": [
    0.2430778880158343,
    0.3197842168277878,
    0.6072565608750347,
    0.10049717160096261
  ],
  "found_embedding": [
    3.178024942669585,
    -25.625433899005724,
    -0.12135834150201977,
    71.18465114796541
  ],
  "true_embedding": [
    -0.5,
    0.5,
    0.0,
    1.0
  ],
  "loss": 107.77429401126129,
  "true_loss": 1.224744871391589,
  "maxiter": 100,
  "opt_state": {
    "iter_num": 100
  },
  "keys": {
    "system": "SHM",
    "family": "power_series_with_prefactor",
    "loss_fn": "q_only_with_embedding_norm_and_reverse_linear_weights"
  }
}